ParticipantID,SEX,ParticipantAge,ParticipantEthnicity1,ParticipantEthnicity2,ParticipantEthnicity3,ParticipantEthnicity4,EducationLevel,FamilyIncome,ParticipantLTR,DatingLength,RelationshipSatisfaction,ProbabilityLeaveCurrentPartner,PartnerNumber,HadSex,AgeSex,ParticipantPrimarilyAttracted,ParticipantLifetimeSexPartners,PastYearSexPartners,PastMonthSex,GenHealth1,CMVS1,CMVS2,CMVS3,CMVS4,CMVS5,CMVS6,CMVS7,CMVS8,CMVS9,CMVS10,CMVS11rc,CMVS12,CMVS13,CMVS14,CMVS15,CMVS16,CMVS17,CMVS18,CMVS19,CMVS20,CMVS21,CMVS22,CMVS23,CMVS24rc,CMVS25rc,CMVS26rc
1,2,36,1, , , ,4,6,1,5,10,1,5,1,14,1,10,1,5,5, ,2,3,5,3,7,3,3,3,3,2,1,1,1,6,7,7,3,5,3,2,7,1,1,1,1
2,1,29,3, , , ,4,1,1,5,10,10,1,1,26,2,1,1,10,4, , , , , , , , , ,6,3,6,6,6,6,5,6,6,4,5,5,5,4,3,4,3
3,1,36,1, , , ,4,4,2, , , ,5,1,23,2,2,0,0,3,1,1,1,1,1,1,2,1,1,1,1,5,5,4,1,1,1,3,2,1,1,1,1,3,3,4
4,2,32,8, , , ,3,3,1,5,11,1,5,1,17,1,5,1,30,3,1,3,3,2,3,2,1,1,2,1,1,1,1,1,7,7,7,2,2,1,1,1,2,1,1,1
5,1,29,3, , , ,4,2,1,5,9,1,3,1,19,2,3,2,6,4,1,1,1,1,1,4,1,1,1,1,1,1,1,1,1,4,4,1,4,1,1,1,1,1,4,1
6,1,32,6, , , ,4,3,1,4,9,1,12,1,21,2,4,1,18,4,1,1,1,1,1,1,1,1,1,1,1,7,4,1,1,1,1,7,7,1,4,1,1,7,7,7
7,1,26,1, , , ,4,8,2, , , ,10,1,13,2,30,10,5,4,1,1,1,1,1,1,1,1,1,1,1,7,7,7,1,1,5,1,1,1,1,1,1,1,1,1
8,2,55,1, , , ,3,3,1,5,11,6,6,1,22,1,6,1,12,5,1,1,2,4,3,5,2,1,4,1,1,4,3,3,5,7,7,3,4,3,1,5,1,1,1,4
9,2,42,1,2, , ,4,4,1,4,11,1,2,1,18,1,2,1,15,4,1,2,1,7,1,7,1,1,2,1,1,1,1,1,7,7,7,1,1,1,7,7,1,1,1,1
10,2,32,1, , , ,3,6,1,4,11,1,3,1,16,1,10,1,4,4,1,1,3,3,1,2,3,1,3,1,1,1,1,1,6,6,6,2,2,2,1,4,1,1,1,1
11,2,27,3, , , ,4,2,1,5,11,1,2,2, ,1,1,1,7,5,1,1,6,1,1,7,7,1,1,1,1,1,1,1,7,7,2,1,1,1,7,2,1,7,1,1
12,2,24,1, , , ,4,8,1,4,7,1,5,1,19,1,2,1,45,5,1,1,1,1,1,1,1,1,1,1,1,7,1,1,7,7,7,1,1,1,1,1,1,1,1,1
13,2,55,6, , , ,4,7,1,5,9,2,7,1,17,1,12,1,20,3,1,1,1,1,1,4,1,1,1,1,1,1,1,1,6,6,6,1,1,1,1,1,1,1,1,1
14,1,32,1, , , ,4,6,2, , , ,5,1,18,2,23,19,3,5,1,1,1,1,1,2,1,1,1,1,2,1,1,4,6,7,4,2,1,2,1,1,1,1,4,4
15,2,42,2, , , ,4,1,1,5,11,1,1,1,23,1,1,1,2,5,1,2,1,2,1,7,5,1,1,1,2,1,1,1,1,2,1,2,2,1,2,6,2,2,2,2
16,1,48,1, , , ,4,8,1,5,10,1,30,1,15,2,45,0,9,4,1,1,3,2,1,5,2,2,3,1,2,7,3,6,5,5,5,1,3,2,2,5,1,1,2,2
17,2,26,2, , , ,2,4,2, , , ,1,1,21,1,2,0,0,2,1,1,1,1,1,1,1,1,1,1,2,1,1,1,1,1,1,3,1,1,4,1,1,3,6,5
18,1,41,1, , , ,4,6,1,5,11,1,5,1,17,2,12,1,20,3,1,1,1,1,1,2,2,1,2,1,3,1,1,7,7,7,7,4,4,1,1,3,1,1,1,1
19,2,43,1, , , ,5,6,1,5,7,1,5,1,16,1,5,1,15,3,1,1,1,4,1,1,4,4,4,1,4,1,4,7,7,7,7,1,1,1,1,4,1,1,1,1
20,1,35,1, , , ,3,1,1,5,11,1,5,1,18,2,30,1,4,3,1,1,1,1,1,1,1,7,1,1,6,7,1,7,7,7,7,6,3,1,1,1,1,1,1,7
21,1,36,8, , , ,4,4,1,4,10,8,30,1,18,2,5,5,3,3,1,1,1,1,1,1,1,1,1,1,7,1,1,4,1,1,1,1,1,2,2,1,2,7,6,6
22,1,63,1, , , ,2,6,1,5,11,1,35,1,13,2,30,1,8,3,1,1,1,1,1,1,1,1,1,1,7,1,1,1,1,1,1,1,1,1,1,1,1,7,7,7
23,1,43,1, , , ,5,6,1,5,11,1,32,1,17,2,50,1,2,2,1,1,1,1,1,1,1,1,1,1,7,1,1,1,7,7,7,1,1,1,1,4,1,1,7,7
24,2,29,3, , , ,4,5,1,5,11,1,1,1,25,1,1,1,12,4,1,2,3,5,3,6,2,2,4,2,2,1,2,2,6,5,7,3,5,2,2,4,2,2,4,3
25,1,27,6, , , ,4,7,1,5,11,1,3,1,16,2,7,6,8,5,1,1,2,2,2,2,7,6,4,2,2,1,1,2,7,7,7,1,1,1,1,6,1,1,1,1
26,2,45,1, , , ,4,8,1,5,10,1,3,1,17,1,3,1,4,5,1,1,1,3,1,2,3,3,3,2,2,1,1,1,3,7,7,1,1,1,2,7,1,1,1,1
27,1,33,3, , , ,5,4,1,5,10,1,3,1,8,2,3,2,1,5,1,2,2,4,3,4,3,2,2,2,3,2,1,1,2,3,2,2,2,2,2,4,3,2,5,2
28,1,36,1, , , ,2,7,1,5,11,1,10,1,15,2,50,3,20,5,1,1,2,3,1,4,7,2,3,2,4,1,1,1,7,7,7,1,1,1,1,1,1,7,2,1
29,1,48,1, , , ,4,7,1,5,10,1,11,1,15,2,300+,1,12,5,1,1,1,4,1,4,5,1,1,2,4,1,1,3,4,2,4,1,1,2,1,4,1, ,4,1
30,2,25,2, , , ,4,5,1,3,10,1,3,2, ,1,1,1,0,4,1,3,2,3,3,2,2,3,2,2,4,3,2,3,1,2,4,3,4,3,3,4,2,6,5,5
31,2,27,1, , , ,5,7,1,5,11,1,100,1,21,1,1,1,10,5,1,2,3,4,4,4,5,5,4,2,6,3,3,3,2,3,3,3,3,3,2,3,2,5,5,6
32,2,28,3, , , ,5,7,1,4,10,9,5,1,18,1,5,3,4,4,1,3,2,2,3,2,2,3,2,2,7,2,1,1,2,2,1,2,2,2,2,1,2,6,6,6
33,2,32,6, , , ,4,6,1,5,10,1,2,1,19,1,2,1,10,4,1,1,1,1,1,1,6,2,1,2,7,2,2,2,6,1,2,2,3,2,2,3,3,3,6,5
34,2,41,1, , , ,3,4,1,5,9,1,12,1,18,1,15,1,6,2,1,1,1,2,1,1,6,7,7,3,1,1,1,7,7,7,7,6,7,1,1,1,1,1,1,6
35,1,66,2,3, , ,4,1,1,5,7,1,6,1,24,2,13,1,5,1,1,1,1,1,1,2,2,3,2,3,5,1,2,2,3,4,3,2,1,1,2,2,2,2,4,4
36,2,35,1, , , ,2,6,1,5,11,1,3,1,16,1,11,1,15,5,1,1,2,7,1,7,1,3,5,3,5,1,1,1,5,6,6,2,6,5,3,7,7,1,1,1
37,1,28,1, , , ,4,3,1,5,11,1,1,1,17,2,3,1,20,3,1,1,3,3,3,3,3,4,4,3,5,5,2,3,3,2,5,2,3,4,2,2,5,4,3,5
38,2,59,1, , , ,3,2,1,5,10,1,6,1,13,1,6,1,15,3,1,1,1,1,1,1,2,2,2,4,2,1,1,1,6,7,7,2,2,2,2,2,2,1,1,6
39,2,44,1, , , ,3,3,1,5,11,1,5,1,15,1,4,1,10,4,1,2,2,2,2,2,5,6,6,4,2,4,1,4,5,5,6,2,2,2,2,4,2,1,2,1
40,1,35,3, , , ,4,1,2, , , ,4,1,14,2,1,1,0,4,1,1,1,1,1,4,2,4,4,4,5,3,3,2,4,4,4,1,1,2,2,4,4,5,6,2
41,2,50,1, , , ,4,7,2, , , ,8,1,13,1,8,0,0,5,1,1,1,4,1,1,7,7,4,4,6,7,7,7,7,7,7,2,1,1,2,5,4,1,1,1
42,2,42,6, , , ,3,6,1,5,9,1,4,1,21,1,4,1,30,4,1,1,1,3,3,7,7,7,7,5,3,3,1,7,7,7,7,3,3,3,1,3,3,1,1,1
43,1,26,1, , , ,4,6,1,4,7,3,12,1,16,2,11,1,10,5,1,3,5,3,2,2,6,5,5,5,6,2,1,3,5,3,3,1,1,1,1,3,4,2,7,7
44,2,36,1, , , ,5,8,1,5,11,1,2,1,18,1,2,1,10,3,1,2,3,3,1,3,3,3,4,6,2,1,2,2,2,4,4,2,2,2,3,5,5,2,3,5
45,2,57,1, , , ,3,7,1,5,6,1,7,1,17,1,6,1,0,4,1,1,1,1,1,7,6,4,4,6,5,1,1,4,7,7,7,2,6,6,4,7,4,1,1,4
46,2,39,1, , , ,3,7,1,5,9,1,1,1,21,1,1,1,0,4,1,1,1,5,1,6,6,7,7,7,1,1,1,1,7,7,7,7,7,2,6,6,1,1,1,1
47,1,63,1, , , ,2,6,1,5,11,1,33,1,13,2,30,1,10,3,1,1,1,1,1,1,1,1,1,7,1,2,2,4,7,7,7,7,7,7,7,7,7,1,1,1
48,2,32,1, , , ,4,4,1,5,7,2,6,1,19,1,6,1,1,3,1,7,6,6,6,4,7,7,7,7,6,1,1,2,7,6,6,2,2,6,4,7,5,4,5,3
49,2,34,1, , , ,4,1,1,5,10,11,1,1,20,1,1,1,4,2,1,2,2,4,2,7,7,7,7,7,7,1,1,1,7,7,7,1,1,4,4,7,1,1,1,1
50,2,38,1, , , ,3,4,1,5,11,1,5,1,14,1,20,1,4,2,2,1,1,1,1,2,1,1,1,1,1,7,5,4,2,1,1,3,2,1,2,1,1,2,4,4
51,2,33,1, , , ,4,7,1,5,11,1,10,1,18,1,12,1,4,5,2,2,2,5,3,1,2,2,3,1,1,1,1,1,5,4,5,1,1,2,3,5,1,1,5,1
52,2,49,1,2,6, ,4,5,1,2,10,1,14,1,14,1,33,1,0,4,2,2,2,2,2,3,4,2,1,1,2,2,2,2,3,4,4,1,1,1,2,1,5,3,4,3
53,2,44,2, , , ,5,6,1,5,7,2,3,1,20,1,2,1,8,2,2,1,2,3,2,7,1,1,3,1,3,2,2,2,6,6,6,2,3,2,2,2,1,2,3,3
54,1,29,1, , , ,5,5,1,4,10,1,7,1,16,2,7,1,22,5,2,2,2,2,2,2,1,1,1,1,3,1,1,2,1,1,2,1,1,1,1,2,1,1,6,5
55,1,30,3, , , ,5,6,1,3,10,1,1,1,25,2,1,1,10,4,2,3,3,3,2,4,1,1,2,1,6,1,1,2,2,4,3,1,2,2,1,2,4,2,4,2
56,2,57,1, , , ,3,4,1,5,11,1,8,1,15,1,7,1,10,4,2,3,3,3,3,4,2,2,2,2,1,4,1,2,7,6,6,1,1,3,1,4,1,1,4,3
57,1,31,1, , , ,4,7,1,5,11,1,2,1,17,2,1,1,18,5,2,2,2,6,2,2,3,4,2,2,1,1,1,3,6,7,5,1,1,3,4,5,3,2,3,2
58,1,30,1, , , ,5,8,1,5,10,1,5,1,16,2,16,1,10,4,2,2,2,3,2,3,3,3,3,2,2,2,1,2,5,5,6,2,2,2,2,2,2,6,6,2
59,2,60,1,6, , ,3,2,2, , , ,20,1,18,1,15,0,0,2,2,2,2,2,2,2,3,3,2,2,2,1,2,2, ,7,7,2,2,2,2,6,1, ,2,2
60,2,46,6, , , ,4,6,1,5,10,1,2,1,22,1,3,1,6,4,2,2,2,3,3,3,2,2,3,2,2,2,1,3,5,6,6,3,2,2,3,3,4,3,3,3
61,1,45,3, , , ,5,6,1,5, ,3,1,1,24,2,1,1,8,4,2,2,2,6,3,4,3,2,3,2,2,2,2,2,5,6,6,2,3,2,4,3,3,2,4,2
62,2,39,1, , , ,3,5,1,5,8,2,11,1,14,1,5,1,8,3,2,2,2,2,2,4,2,2,2,2,2,2,7,7,3,5,4,6,6,6,6,6,5,3,3,5
63,1,45,3, , , ,5,5,1,5,10,1,2,1,25,2,1,1,10,4,2,2,2,6,2,6,2,2,4,2,2,2,2,2,6,6,2,2,2,3,3,3,3,1,5,2
64,2,56,1, , , ,4,7,1,5,11,1,4,1,17,1,3,1,8,5,2,2,2,3,2,4,3,2,2,2,2,4,2,2,4,5,6,3,3,2,2,3,2,2,2,2
65,1,40,1, , , ,5,4,1,5,8,1,8,1,21,2,5,1,10,4,2,2,2,6,3,5,5,4,4,2,2,1,1,2,3,5,5,2,2,3,2,4,3,3,3,4
66,1,35,3, , , ,5,1,1,5,11,1,1,1,20,2,1,1,1,4,2,2,2,2,2,2,2,2,2,2,2,2,2,2,6,6,6,2,2,2,2,2,2,2,4,2
67,1,45,3, , , ,5,5,1,5,10,1,1,1,25,2,1,1,10,4,2,2,2,2,2,2,3,2,2,2,2,1,1,2,5,5,5,2,2,2,4,7,2,1,2,1
68,2,31,6,7, , ,4,5,1,5,10,1,1,1,21,1,1,1,1,4,2,2,2,2,2,2,2,2,3,2,2,2,2,4,5,5,4,3,3,3,4,3,3,2,4,4
69,2,32,1, , , ,5,7,1,5,9,1,12,1,17,1,25,3,5,4,2,2,2,2,2,2,6,5,5,2,2,1,2,2,6,4,6,2,2,2,2,2,3,2,6,3
70,1,28,3, , , ,5,1,2, , , ,3,1,27,2,1,1,0,5,2,2,4,4,4,6,3,1,4,2,2,1,1,1,2,4,4,3,4,4,4,4,4,2,4,3
71,2,44,1, , , ,5,6,1,5,10,1,3,1,19,1,3,1,0,4,2,1,3,2,2,1,3,2,2,2,2,1,1,4,6,7,7,1,1,2,2,4,2,1,3,4
72,1,28,1,6,8, ,4,6,2, , , ,7,1,17,2,15,2,4,3,2,2,2,2,2,4,2,2,2,2,2, ,2,6,6,6,6,2,2,2,4,4,2,2,4,2
73,1,39,3, , , ,5,2,1,5,10,1,3,1,16,2,7,2,6,3,2,2,2,2,2,4,3,2,2,2,2,2,2,2,2,3,3,2,2,2,2,4,2,4,2,6
74,2,37,2, , , ,4,7,1,5,9,1,37,1,21,1,3,1,1,4,2,2,2,2,2,6,2,2,2,2,2,1,1,1,2,3,3,2,2,2,2,2,2,2,4,4
75,2,42,1, , , ,2,3,1,5,9,1,8,1,14,1,20,4,4,3,2,2,2,1,2,1,2,2,2,2,3,2,2,2,5,7,7,1,1,2,2,1,2,1,4,2
76,2,45,1, , , ,4,6,1,5,10,1,6,1,16,1,10,1,1,3,2,2,2,4,2,2,3,3,4,2,3,1,1,1,7,7,7,1,1,1,1,4,2,2,5,1
77,1,33,1, , , ,2,3,1,4,11,1,4,1,18,2,25,1,15,4,2,2,2,2,2,4,3,1,2,2,3,2,2,2,5,5,4,2,2,2,3,2,2,2,3,3
78,1,28,3, , , ,5,4,1,1,3,1,5,2, ,2,0,0,0,4,2,3,3,6,6,6,2,2,2,2,4,2,2,2,2,2,2,2,5,3,3,5,5,5,3,3
79,1,50,1, , , ,3,2,1,5,11,1,3,1,18,2,3,1,3,3,2,2,2,2,2,2,3,3,3,2,4,3,1,2,2,2,2,2,2,2,2,2,2,6,6,6
80,2,36,1, , , ,4,7,1,4,10,1,3,1,18,1,2,1,1,5,2,2,2,2,2,2,2,2,2,2,4,4,3,2,4,4,4,2,2,2,2,4,2,2,4,4
81,1,36,3, , , ,5,6,1,5,11,9,3,1,21,2,4,1,1,4,2,4,3,3,4,3,3,4,3,2,4,4,3,3,4,3,4,3,2,3,4,3,4,5,5,6
82,1,30,3, , , ,4,2,1,3,9,9,2,2, ,2,2,1,5,4,2,3,2,3,2,2,3,2,3,2,5,2,3,2,3,2,3,2,2,3,2,3,2,5,6,5
83,1,28,3, , , ,5,5,1,5,10,2,2,1,27,2,2,1,1,4,2,2,3,1,2,3,2,1,2,2,5,4,2,1,2,2,3,2,2,4,3,2,1,6,5,6
84,1,29,2, , , ,4,3,1,2,10,10,2,1,28,2,1,1,1,4,2,3,2,3,2,3,4,3,2,2,5,2,3,4,3,2,3,4,3,2,3,4,3,6,5,4
85,2,44,1, , , ,5,2,2, , , ,6,1,20,1,3,1,0,3,2,2,2,3,2,6,3,2,3,2,5,1,1,1,6,5,6,2,2,3,1,3,2,2,2,2
86,1,32,2, , , ,4,1,1,5,11,10,1,1,25,2,1,1,10,4,2,3,4,3,2,1,2,3,3,2,5,4,5,4,3,2,1,2,2,3,4,3,3,6,5,5
87,1,25,3, , , ,4,2,1,5,7,7,1,1,21,2,1,1,1,4,2,3,4,3,4,3,2,3,4,2,5,3,4,3,2,4,3,2,4,3,4,3,2,5,4,5
88,1,34,3, , , ,4,2,1,5,8,3,2,1,28,2,1,1,10,2,2,1,2,1,2,1,2,1,2,2,5,2,4,3,2,2,2,2,5,3,3,2,5,5,4,7
89,1,27,3, , , ,4,7,1,4,10,10,3,1,18,2,2,2,4,5,2,1,2,1,2,1,2,2,2,2,5,1,2,2,3,2,1,2,2,2,1,3,2,7,7,6
90,1,25,3, , , ,4,2,1,4,11,2,2,1,18,2,2,2,1,4,2,2,4,2,2,3,3,1,2,2,5,2,2,2,3,3,3,2,2,2,2,3,2,5,5,5
91,2,32,1, , , ,5,7,1,5,11,1,3,1,18,1,3,1,6,4,2,2,2,2,2,2,2,2,2,2,6,2,2,2,5,2,4,2,2,2,2,2,2,3,4,3
92,2,32,3, , , ,4,3,1,5,10,10,5,1,23,1,1,1,1,4,2,2,2,2,2,2,2,2,2,2,6,2,2,2,2,2,2,2,2,2,2,2,2,6,6,6
93,1,71,3, , , ,4,2,1,5,11,1,3,2, ,2,1,1,4,3,2,2,2,2,2,5,2,1,1,2,6,1,1,1,1,2,2,1,1,1,1,2,2,6,6,6
94,1,27,3, , , ,4,4,1,5,10,1,2,1,20,2,2,1,1,5,2,2,2,2,2,2,2,2,2,2,6,2,2,2,6,7,7,1,2,2,2,2,2,1,3,2
95,2,32,1, , , ,5,6,1,4,9,1,5,1,16,1,5,1,7,4,2,2,2,2,2,2,2,2,2,2,6,2,2,2,2,2,2,2,2,2,2,2,2,6,6,6
96,2,37,1, , , ,2,1,2, , , ,8,2, ,1,15,3,0,3,2,2,2,3,3,5,1,2,2,2,6,2,2,2,2,2,2,2,1,2,3,2,2,5,5,6
97,1,33,3, , , ,4,3,1,5,10,3,3,1,21,2,3,1,25,5,2,1,2,2,1,2,1,2,1,2,7,1,1,2,1,3,1,2,1,1,1,6,6,6,6,6
98,1,26,3, , , ,4,1,1,1,11,9,10,2, ,2,1,1,1,4,2,4,2,4,2,3,1,1,2,2,7,2,1,4,2,3,1,2,4,2,6,4,4,3,5,2
99,1,31,3, , , ,4,3,1,2,9,9,GIRLFRIEND,1,YES,2,2,2,3,3,2,1,2,1,2,1,2,1,2,2,7,2,1,2,1,2,1,2,1,2,1,2,1,6,7,6
100,2,48,1, , , ,2,6,1,5,11,1,5,1,18,1,5,1,5,2,2,5,5,5,4,7,1,1,3,3,2,1,1,2,7,7,7,1,2,5,2,6,1,1,1,3
101,2,66,1, , , ,3,8,1,5,11,1,3,1,16,1,1,1,4,5,2,2,2,3,3,3,2,2,3,3,2,1,1,4,7,7,7,2,2,4,4,6,2,1,1,1
102,2,62,1, , , ,5,8,2, , , ,35,1,18,1,25,0,0,3,2,2,2,2,2,6,4,4,4,3,2,2,1,4,6,6,6,2,2,2,2,4,5,2,2,2
103,2,60,1,7, , ,3,6,1,5,10,1,50,1,15,1,80,1,10,4,2,2,2,2,2,3,4,4,4,3,2,2,2,6,6,6,6,3,4,3,2,2,2,2,2,2
104,1,34,1, , , ,4,9,1,5,10,1,10,1,17,2,18,1,2,4,2,2,2,4,2,6,4,4,4,3,2,2,3,4,3,6,6,2,3,3,6,4,5,2,2,2
105,1,32,1, , , ,5,7,1,5,10,2,7,1,17,2,12,1,15,4,2,2,3,4,2,4,5,5,5,3,2,3,2,2,5,5,3,2,2,2,2,3,4,2,5,3
106,1,29,1, , , ,4,6,2, , , ,10,1,17,2,11,0,0,5,2,2,2,2,2,3,3,3,4,3,2,4,2,2,7,7,7,3,3,2,1,2,2,1,2,1
107,1,62,1, , , ,4,6,1,5,11,1,12,1,14,2,7,1,2,3,2,3,3,6,3,6,2,2,2,3,2,4,1,2,6,4, ,3,4, ,4,4,3,1,2,1
108,2,61,1, , , ,3,6,1,5,10,1,25,1,17,1,12,1,7,3,2,2,2,3,2,4,3,4,5,3,2,4,1,2,6,7,7,2,2,3,2,6,3,1,5,1
109,2,48,1, , , ,2,6,1,5,11,1,5,1,18,1,5,1,3,3,2,3,3,3,3,7,1,1,5,3,2,1,1,7,7,7,7,2,2,3,3,3,3,1,1,3
110,2,35,1, , , ,6,7,1,5,10,1,12,1,15,1,12,1,3,4,2,2,3,4,2,6,5,2,4,3,2,4,2,6,6,5,6,4,4,4,2,4,5,2,2,2
111,2,28,6, , , ,4,8,1,5,9,1,2,1,21,1,2,1,20,5,2,2,2,2,2,3,3,3,2,3,2,1,1,1,4,2,5,2, ,2,2,2,2,3,6,3
112,1,49,1, , , ,2,3,2, , , ,6,1,21,2,6,1,0,4,2,2,2,2,2,2,5,5,4,3,3,1,1,2,5,6,6,1,1,3,2,5,2,1,5,1
113,2,29,1, , , ,4,4,1,5,10,2,5,1,16,1,3,1,2,4,2,2,3,5,2,5,6,6,4,3,3,1,2,2,3,6,3,2,2,2,3,2,2,2,2,3
114,2,31,3, , , ,5,1,1,2,5,4,2,2, ,1,1,1,1,4,2,2,3,6,2,3,4,5,6,3,3,3,2,2,2,3,4,3,2,2,3,2,3,2,6,6
115,1,63,1, , , ,4,5,1,5,11,1,10,1,19,2,15,1,12,3,2,3,3,4,3,6,3,5,4,3,3,2,2,2,5,6,6,2,4,5,2,6,4,2,3,2
116,1,24,2, , , ,4,3,1,3,9,3,6,1,18,2,8,3,12,5,2,1,2,3,2,4,6,5,4,3,3,7,7,7,7,7,7,1,2,3,2,3,4,2,3,1
117,1,29,3, , , ,4,4,1,2,8,6,10,1,26,2,1,1,4,3,2,4,3,7,5,7,3,4,7,3,3,4,7,6,3,5,4,7,3,7,5,7,6,5,3,1
118,2,28,1, , , ,5,7,1,5,9,1,3,1,15,1,3,1,6,4,2,2,3,5,3,4,4,4,4,3,3,2,2,4,4,5,5,2,2,3,3,3,2,3,4,3
119,2,29,1, , , ,3,6,1,5,10,1,3,1,17,1,2,1,3,4,2,2,3,5,3,2,3,3,3,3,3,1, ,2,5,6,6,2,3,3,3,3,1,1,3,2
120,1,34,2, , , ,3,6,1,5,9,2,6,1,16,2,6,1,15,4,2,3,4,3,3,4,3,4,5,3,3,2,2,5,6,5,6,4,4,3,3,3,2,2,4,3
121,1,32,3, , , ,4,1,1,5,11,1,3,1,25,2,1,1,20,4,2,2,3,4,3,5,3,3,2,3,3,2,1,2,2,3,3,2,2,4,3,3,4,2,4,4
122,2,35,3, , , ,4,8,1,5,10,1,2,1,24,1,2,1,0,2,2,3,4,6,3,7,4,5,4,3,3,1,1,2,5,7,6,2,4,4,6,6,1,1,4,2
123,1,40,6, , , ,4,6,1,5,10,2,4,1,20,2,5,1,1,3,2,2,3,4,3,4,4,4,4,3,3,2,3,3,4,5,4,2,3,3,3,3,3,2,3,3
124,1,39,3, , , ,5,3,1,5,10,1,3,1,14,2,6,2,3,3,2,2,2,3,2,4,3,3,3,3,3,2,2,2,2,2,2,2,2,2,2,3,3,5,6,6
125,2,26,1, , , ,4,3,1,3,4,5,4,1,15,1,1,0,0,4,2,3,3,3,2,4,3,4,2,3,3,5,3,2,4,4,5,3,2,4,2,3,4,5,4,5
126,1,40,1, , , ,4,7,1,5,11,1,15,1,18,2,23,1,9,4,2,2,3,3,2,3,3,3,3,3,4,7,2,3,6,4,5,1,2,3,2,2,2,3,4,3
127,1,35,1, , , ,4,2,3, , , ,2,1,22,2,1,0,0,2,2,6,3,2,6,1,7,3,5,3,4,7,6,3,5,6,5,2,3,6,4,3,5,4,3,4
128,1,45,1, , , ,2,3,1,5,10,1,8,1,17,2,7,1,7,4,2,3,3,3,3,4,1,1,3,3,4,1,1,1,4,6,6,2,1,4,2,7,4,1,1,1
129,1,25,1, , , ,4,6,1,5,11,1,8,1,18,2,7,1,1,4,2,5,4,3,4,5,3,5,4,3,4,2,3,4,5,3,3,2,2,4,3,5,3,6,4,5
130,1,34,1, , , ,3,6,1,4,4,3,45,1,11,2,95,12,40,4,2,2,2,2,2,3,6,6,6,3,4,7,6,4,6,7,7,4,4,2,1,2,1,1,1,1
131,2,32,1, , , ,2,6,1,5,11,1,7,1,15,1,25,1,5,4,2,2,2,4,2,2,6,5,4,3,4,1,1,1,6,6,4,2,2,2,3,3,1,1,1,5
132,1,60,1, , , ,3,2,1,5,10,1,40,1,15,2,35,1,10,2,2,2,3,3,2,1,3,4,4,3,4,4,1,1,4,7,4,2,2,2,1,2,1,1,4,1
133,1,27,1, , , ,2,2,1,2,9,2,6,1,16,2,2,1,5,3,2,4,5,7,2,7,6,7,7,3,4,4,5,3,5,4,4,5,3,3,4,4,5,4,3,2
134,1,25,3, , , ,4,2,1,5,10,1,2,1,19,2,2,2,3,4,2,2,3,3,2,4,3,3,3,3,5,1,1,2,2,2,3,3,2,2,2,4,4,5,5,4
135,1,33,1, , , ,3,2,1,5,11,1,15,1,15,2,9,1,25,2,2,2,2,5,2,6,4,5,5,3,5,3,3,2,6,6,6,2,2,3,3,3,2,2,5,3
136,1,30,1, , , ,4,4,1,5,9,1,5,1,14,2,10,1,12,3,2,3,3,6,4,5,5,5,6,3,5,1,1,1,7,6,5,3,2,4,4,3,4,1,3,2
137,2,26,1, , , ,3,8,1,5,10,1,8,1,15,1,30,1,4,2,2,6,6,6,6,6,3,4,3,3,5,4,2,2,4,5,3,1,1,7,3,6,3,2,5,1
138,2,42,1, , , ,2,7,1,5,10,1,12,1,15,1,12,1,4,3,2,2,3,3,2,4,3,3,3,3,5,3,2,3,3,3,3,3,3,3,2,3,3,3,3,3
139,2,31,2, , , ,3,1,1,5,10,10,3,1,2 1,1,1,1,1,5,2,3,2,1,2,2,1,2,2,3,6,3,2,3,2,1,2,2,2,2,3,2,3,7,7,6
140,2,70,1, , , ,2,3,1,5,11,1,1,1,19,1,2,1,2,3,2,1,1,1,1,1,3,3,4,3,6,5,3,3,7,7,7,5,5,6,6,7,3,3,1,1
141,1,38,3, , , ,5,1,1,5,9,2,5,1,32,2,1,1,5,3,2,2,5,7,2,5,2,5,4,3,6,2,2,2,2, ,5,2,2,1,2,6,3,3,2,3
142,1,65,1, , , ,4,2,2, , , ,5,1,17,2,200,3,2,3,2,3,3,4,2,5,6,6,4,3,6,7,1,1,6,7,7,1,1,3,2,6,6,1,6,5
143,1,25,3, , , ,4,1,1,2,10,2,2,1,25,2,2,2,3,5,2,1,2,2,2,3,1,2,2,3,6,2,1,1,1,1,2,1,1,1,1,2,2,2,6,2
144,2,29,4, , , ,5,1,1, ,8,8,2,1,20,1,2,2,2,4,2,3,2,3,5,3,2,3,3,3,6,2,2,3,3,2,3,2,5,5,2,3,3,5,6,5
145,1,45,3, , , ,5,4,1,5,10,1,2,1,24,2,2,1,2,3,2,2,2,3,3,3,5,5,3,3,6,2,2,2,2,2,2,2,2,2,3,4,2,2,6,4
146,1,28,1, , , ,3,3,1,5,10,4,12,1,16,2,8,1,21,3,2,2,2,3,3,3,4,5,5,3,6,2,2,2,5,4,5,4,3,3,3,4,3,3,4,3
147,1,29,3, , , ,4,1,1,3,9,1,1,1,28,2,1,1,3,4,2,1,2,2,2,1,4,3,1,3,7,1,2,1,1,3,1,1,4,1,5,2,1,6,4,6
148,2,39,1, , , ,5,3,1,5,9,2,30,1,17,1,20,1,10,4,2,2,2,2,2,1,3,3,4,3,7,1,1,3,5,5,6,1,1,2,2,2,1,1,5,3
149,1,27,3, , , ,4,3,1,4,9,2,Responsibility increases after marriage,1,19,2,4,1,3,3,2,2,3,2,2,2,1,2,2,3,7,3,3,2,2,2,2,2,3,2,1,2,2,6,6,6
150,1,29,6, , , ,4,6,1,5,7,3,1,1,18,2,1,1,1,3,2,1,2,4,3,1,3,1,2,3,7,2,2,1,3,2,2,3,3,4,2,3,3,5,7,7
151,2,55,1, , , ,2,8,1,5,10,1,4,1,15,1,4,1,4,5,2,2,2,4,2,4,4,2,4,4,2,6,6,4,1,1,1,6,2,4,2,4,3,2,2,2
152,2,59,1, , , ,4,8,1,5,10,1,5,1,15,1,30,1,4,4,2,2,3,6,4,4,3,3,3,4,2,6,3,3,6,7,7,3,3,4,3,6,3,1,1,1
153,2,38,1, , , ,4,5,1,4,10,1,5,1,18,1,5,1,12,4,2,2,2,2,2,5,3,4,4,4,2,2,2,1, ,6,6,2,1,2,3,3,2,2,3,1
154,2,67,1, , , ,4,6,2, , , ,20,1,19,1,5,0,0,3,2,2,2,4,2,4,6,3,6,4,2,1,1,2,7,7,6,4,4,5,2,6,2,1,1,1
155,2,31,1, , , ,4,8,1,5,10,1,3,1,17,1,10,1,5,4,2,2,2,4,2,2,6,6,6,4,3,1,1,2,6,6,6,2,1,1,1,4,1,6,2,6
156,2,46,1, , , ,3,7,1,5,11,1,10,1,18,1,5,1,15,5,2,3,7,7,6,7,4,5,3,4,3,1,1,1,5,5,5,1,1,2,2,2,3,2,2,3
157,2,36,1, , , ,4,8,1,5,10,1,3,1,22,1,1,1,5,4,2,2,3,6,2,6,4,4,4,4,3,1,2,4,5,6,5,2,3,3,4,5,2,2,2,2
158,2,31,1, , , ,4,7,1,5,11,1,3,1,17,1,3,1,4,5,2,2,3,5,2,5,3,4,4,4,3,1,1,4,6,6,6,2,2,3,3,5,4,2,2,1
159,2,41,1, , , ,4,3,1,5,11,1,5,1,19,1,2,1,0,5,2,2,2,3,2,2,1,3,3,4,3,7,1,5,5,7,7,2,2,2,2,4,1,1,3,5
160,2,52,1, , , ,4,2,1,5,10,1,6,1,17,1,n/a,1,0,3,2,4,4,6,6,6,1,1,2,4,4,1,1,1,7,7,7,2,2,7,4,7,2,1,1,1
161,2,50,1, , , ,4,6,1,5,10,1,6,1,19,1,5,1,10,4,2,3,3,7,4,7,3,4,4,4,4,2,1,2,7,6,6,3,5,4,4,5,3,1,2,2
162,1,26,3, , , ,5,3,1,5,10,2,1,1,25,2,1,1,1,4,2,2,2,4,1,2,2,3,4,4,4,3,2,3,4,5,5,3,2,2,2,2,3,5,6,4
163,1,36,1, , , ,2,2,1,5,11,1,8,1,16,2,16,1,2,3,2,2,2,2,2,2,3,2,4,4,4,1,1,4,7,7,7,4,4,2,2,4,2,1,1,1
164,1,27,2, , , ,5,2,1,5,8,3,2,1,19,2,4,1,3,3,2,3,4,4,3,5,5,4,4,4,4,3,4,6,4,4,3,4,3,4,5,4,3,4,3,5
165,2,50,1, , , ,3,6,1,5,11,1,5,1,16,1,6,1,4,2,2,2,2,4,2,3,5,5,4,4,4,1,1,1,7,7,7,2,2,4,2,7,2,6,4,2
166,1,43,1, , , ,5,7,1,5,11,1,1,1,22,2,4,1,30,3,2,3,4,4,4,4,4,5,6,4,5,1,1,1,6,6,6,1,2,4,4,2,5,4,6,4
167,2,44,3, , , ,5,3,1,5,5,3,2,1,29,1,1,1,1,3,2,3,2,1,2,3,3,2,1,4,5,2,1,2,3,2,3,3,2,1,3,4,3,6,5,6
168,1,25,3, , , ,5,8,1,5,7,1,2,1,19,2,1,1,3,3,2,2,3,5,3,4,4,6,6,4,6,3,2,2,4,2,3,2,2,4,3,4,3,5,5,5
169,2,31,1, , , ,2,1,1,4,9,1,4,1,15,1,35,1,30,3,2,2,2,2,2,2,4,4,4,4,6,1,1,1,6,6,6,1,2,3,3,3,3,2,2,2
170,2,26,1, , , ,4,6,1,5,11,1,2,1,19,1,2,1,25,4,2,2,5,7,2,4,6,6,6,4,6,4,3,6,7,7,6,2,3,3,4,4,3,4,5,5
171,1,27,3, , , ,4,3,1,4,11,1,4,1,18,2,10,2,15,5,2,1,2,3,2,3,4,4,4,5,1,1,1,1,6,7,7,1,1,3,2,3,2,1,3,1
172,1,37,1, , , ,4,3,1,5,11,1,6,1,17,2,8,1,1,4,2,4,2,6,6,6,2,2,3,5,1,1,1,1,7,7,7,3,1,7,7,7,4,4,6,6
173,1,43,1, , , ,4,7,1,5,10,1,15,1,18,2,14,1,1,4,2,2,3,3,2,5,4,4,3,5,2,1,1,2,5,5,5,2,2,3,4,4,3,2,3,1
174,1,53,1, , , ,1,3,2, , , ,7,1,16,2,7,0,0,3,2,3,5,6,4,7,5,5,6,5,3,7,5,7,7,7,7,1,1,6,3,7,5,1,1,1
175,2,38,3, , , ,4,1,1,5,9,1,2,1,26,1,1,1,5,3,2,2,3,6,3,6,4,5,4,5,4,2,2,2,3,4,4,3,3,3,3,4,3,2,3,2
176,1,31,1, , , ,3,2,1,2,5,7,6,1,16,2,7,1,18,4,2,2,2,3,2,3,5,5,5,5,4,5,2,4,5,5,4,3,3,3,2,3,3,3,4,4
177,1,25,1, , , ,4,6,1,5,8,1,4,1,17,2,4,1,6,4,2,2,3,4,3,4,4,4,4,5,4,6,5,5,5,5,5,4,3,5,4,5,3,3,5,3
178,1,33,3, , , ,4,4,1,5,7,4,8,1,9,2,6,1,3,4,2,3,5,4,3,4,3,4,4,5,4,2,1,4,3,4,5,5,2,4,3,4,3,2,2,2
179,2,39,1, , , ,4,5,1,5,11,1,3,1,17,1,3,1,20,5,2,1,2,5,2,5,6,3,4,5,5,2,1,2,5,6,5,1,2,3,3,5,4,2,3,3
180,1,34,1, , , ,4,7,1,5,9,1,5,1,18,2,11,2,2,3,2,4,3,3,3,4,5,4,5,5,5,1,1,2,5,7,5,2,1,3,3,3,3,2,4,2
181,2,26,1, , , ,3,7,1,5,8,1,5,1,17,1,6,1,15,4,2,3,3,5,2,4,3,3,5,5,5,3,3,5,7,7,7,3,4,3,2,3,2,2,5,5
182,1,22,3, , , ,4,3,1,3,8,6,1,1,19,2,2,1,6,4,2,3,2,2,2,3,5,3,4,5,5,7,7,6,7,7,7,2,1,2,2,3,4,2,5,1
183,1,46,1, , , ,4,1,2, , , ,10,1,15,2,100,5,7,4,2,2,2,2,2,3,5,5,5,5,5,3,3,3,6,6,6,2,2,2,3,3,3,3,5,2
184,1,34,1, , , ,4,6,2, , , ,55,1,11,2,160,4,25,4,2,2,2,2,2,2,6,6,4,5,6,7,7,7,7,7,7,4,4,2,1,1,1,1,1,1
185,1,46,1, , , ,3,5,1,5,10,2,7,1,15,2,35,1,12,3,2,2,2,3,2,5,3,5,5,5,6,1,3,2,5,6,6,2,2,1,3,4,2,3,7,2
186,2,33,1, , , ,4,3,1,5,8,1,15,1,18,1,12,1,3,4,2,2,2,2,2,3,5,6,4,5,6,1,1,1,7,7,7,2,4,4,2,4,2,1,2,2
187,2,33,1, , , ,2,3,1,5,11,1,5,1,14,1,3,1,4,3,2,2,2,3,2,2,4,3,5,5,6,2,2,2,6,6,4,2,2,2,4,5,2,1,2,4
188,1,32,1, , , ,5,8,1,5,11,1,10,1,16,2,18,1,15,5,2,2,2,2,2,4,4,5,5,5,6,6,2,2,4,4,4,2,2,2,2,4,4,2,2,2
189,2,26,3, , , ,4,1,1,4,9,2,2,1,25,1,1,1,3,3,2,3,5,4,4,2,4,5,4,5,7,5,4,7,6,5,5,6,6,5,6,5,4,6,5,6
190,2,28,1, , , ,2,4,1,5,10,1,5,1,12,1,23,1,5,3,2,1,2,1,1,4,3,6,4,5,7,1,1,1,4,7,3,1,1,2,2,2,1,1,6,4
191,2,31,1, , , ,3,6,1,5,11,1,6,1,14,1,21,1,4,4,2,3,3,5,3,3,6,7,7,6,1,1,1,2,7,7,7,3,5,5,3,7,1,1,5,3
192,2,41,1, , , ,4,6,1,5,11,11,6,1,17,1,5,1,1,4,2,7,6,1,7,3,4,4,1,6,2,5,2,2,6,2,1,2,2,5,6,2,4,7,3,7
193,1,66,1, , , ,4,6,1,5,11,1,3,1,20,2,1,1,4,4,2,3,4,6,4,7,5,6,6,6,4,1,1,4,6,6,7,4,4,4,4,7,4,1,1,1
194,2,31,1, , , ,4,6,1,5,11,1,1,1,16,1,1,1,1,1,2,6,6,6,2,3,6,6,6,6,5,6,6,3,6,3,6,5,6,6,2,4,2,6,4,2
195,2,32,1, , , ,4,5,1,4,10,1,2,1,23,1,5,1,2,3,2,2,2,2,2,2,6,6,6,6,6,6,6,6,6,6,6,2,2,2,1,2,3,2,2,2
196,2,27,1, , , ,4,4,1,5,9, ,2,1,17,1,2,1,5,3,2,4,4,6,2,6,6,6,6,6,6,2,2,2,6,6,6,6,3,3,4,4,3,2,2,2
197,2,34,1, , , ,4,5,1,5,9,1,4,1,18,1,3,1,15,4,2,2,2,5,2,3,5,6,6,6,6,7,7,5,3,5,3,2,2,2,3,3,6,2,6,5
198,2,31,1, , , ,4,6,1,4,10,1,2,1,23,1,5,1,1,3,2,2,2,2,2,2,6,6,6,6,6,6,6,6,6,6,6,2,2,2,2,6,6,2,2,2
199,1,39,1, , , ,5,6,2, , , ,3,2, ,2,0,0,0,4,2,2,3,6,2,6,7,7,6,6,6,7,2,5,6,6,5,1,2,3,4,6,3,2,6,2
200,2,53,1, , , ,4,8,1,5,11,1,1,1,21,1,1,1,5,3,2,3,4,6,2,6,5,5,5,6,6,1,1,2,6,6,6,2,2,5,4,6,6,2,1,2
201,2,27,1, , , ,2,6,1,5,10,1,10,1,17,1,10,1,10,2,2,4,4,4,4,2,6,7,7,6,7,1,1,1,6,7,7,2,2,6,4,6,3,4,2,6
202,2,66,1, , , ,2,3,1,5,11,1,1,1,20,1,2,1,2,2,2,4,6,6,6,6,4,4,6,6,7,1,1,1,7,7,7,7,7,7,4,4,6,1,1,1
203,2,32,1, , , ,2,6,1,5,11,1,2,1,23,1,2,1,1,4,2,2,3,6,3,3,5,6,7,7,1,2,1,1,4,4,4,3,1,1,2,7,7,1,5,2
204,2,33,1, , , ,3,5,1,5,9,1,4,1,15,1,8,1,1,4,2,2,5,4,2,1,6,7,5,7,5,2,2,1,6,6,6,2,2,4,1,6,2,2,5,2
205,2,56,1, , , ,2,6,1,5,9,1,18,1,16,1,8,1,0,3,2,2,2,3,2,4,5,6,6,7,6,2,1,7,7,7,7,3,2,2,3,6,2,1,1,1
206,1,67,1, , , ,2,3,1,5,10,1,20,1,17,2,12,1,2,5,2,2,3,3,3,7,7,7,7,7,6,6,2,3,6,7,7,1,1,3,2,3,3,1,1,1
207,2,44,1, , , ,1,1,1,5,9,1,3,1,16,1,3,1,0,2,2,2,3,7,3,7,7,7,7,7,6,7,1,1,7,7,7,2,3,3,1,7,2,1,1,1
208,1,48,1, , , ,4,3,1,5,1,10,3,1,20,2,3,1,0,2,2,2,5,4,1,1,7,7,7,7,7,1,1,1,7,7,7,2,2,2,2,7,1,1,2,2
209,2,24,6,7,8, ,4,4,1,5,9,1,5,1,16,1,20,1,4,3,2,2,2,7,2,7,6,6,7,7,7,4,4,4,7,7,7,5,1,2,2,4,4, ,4,4
210,2,21,1, , , ,3,2,1,5,8,2,2,1,14,1,8,1,1,4,2,2,2,5,3,3,7,7,7,7,7,1,1,1,7, ,7,4,7,4,4,7,1,1,1,1
211,1,30,1, , , ,2,1,2, , , ,1,1,28,2,1,0,0,3,2,2,5,7,6,7,7,7,7,7,7,7,7,7,7,7,7,2,2,5,7,7,7,6,3,1
212,1,51,7, , , ,2,6,1,5,9,1,10,1,18,2,10,1,2,3,2,4,3,4,4,7,6,7,7,7,7,3,3,2,6,6,7,6,6,4,6,7,1,2,5,1
213,2,25,1, , , ,4,4,1,4,4,10,2,1,16,1,15,1,1,4,3,3,3,3,3,3,2,2,4,1,1,1,1,3,6,6,6,1,1,5,3,2,2,3,4,3
214,1,32,3, , , ,4,3,1,5,11,1,1,1,26,2,1,1,35,3,3,2,2,2,2,2,2,2,2,1,2,6,2,2,2,2,2,1,2,2,2,6,3,6,5,6
215,1,33,3, , , ,5,3,1,5,9,1,1,1,30,2,1,1,8,3,3,2,1,3,2,6,5,4,7,1,2,1,2,3,7,6,5,4,2,3,4,1,6,3,4,1
216,2,29,2, , , ,4,6,1,5,10,8,2,1,19,1,2,1,5,5,3,1,2,3,2,1,2,2,1,1,6,3,2,2,1,2,3,1,2,2,3,2,1,6,7,6
217,2,25,1, , , ,5,3,1,5,10,11,1,1,21,1,1,1,1,4,3,1,1,7,3,7,2,1,2,1,6,3,3,2,3,4,3,3,2,3,2,3,3,1,4,6
218,1,53,1, , , ,4,7,1,5,7,2,10,1,17,2,4,1,1,4,3,3,2,1,2,1,1,1,1,1,6,1,1,4,1,2,5,5,5,4,4,4,5,5,2,6
219,1,40,1, , , ,4,7,1,5,11,1,15,1,20,2,12,1,3,5,3,3,3,3,3,3,3,1,2,2,2,1,2,3,6,7,7,2,2,4,6,4,4,1,3,3
220,1,39,1, , , ,4,7,1,5,8,2,5,1,23,2,2,1,10,3,3,5,4,6,3,7,3,3,3,2,2,1,2,3,6,6,6,2,1,5,6,6,6,2,6,3
221,2,54,1, , , ,3,6,1,5,8,2,25,1,18,1,10,1,6,3,3,3,3,4,2,4,3,2,2,2,2,3,2,4,6,6,6,1,2,2,2,4,2,2,3,3
222,2,32,1, , , ,2,1,1,5,5,3,8,1,15,1,12,1,4,3,3,3,3,3,3,2,3,3,3,2,2,4,3,4,6,6,7,1,2,3,2,2,2,1,6,3
223,1,32,1, , , ,2,4,1,2,9,10,5,1,16,2,20,1,20,4,3,1,2,2,3,2,1,2,3,2,2,4,5,4,7,6,7,4,2,3,4,4,6,2,4,2
224,1,28,3, , , ,4,4,1,5,9,2,2,1,19,2,2,1,0,4,3,2,2,2,2,3, ,1,3,2,3,3,2,3,5,6,7,3,3,3,2,3,4,2,4,3
225,1,31,3, , , ,5,1,1,4,11,1,2,1,24,2,2,1,2,5,3,3,3,2,3,3,4,1,1,2,3,1,1,3,4,5,5,3,2,2,3,3,1,3,5,4
226,2,41,1, , , ,4,6,2, , , ,6,1,17,1,5,1,2,5,3,2,2,2,2,4,5,3,4,2,4,4,2,5,5,4,4,2,2,4,2,3,3,2,3,5
227,1,31,3, , , ,4,1,1,5,9,6,1,2, ,2,1,1,0,4,3,2,5,3,4,3,3,3,2,2,4,3,3,2,3,4,3,2,3,2,3,3,4,5,6,5
228,1,42,3, , , ,4,1,1,5,11,2,2,1,28,2,1,1,3,2,3,6,4,5,3,3,6,4,3,2,4,3,5,3,4,2,3,5,3,3,4,5,4,6,5,3
229,1,35,3, , , ,5,1,1,5,11,1,1,1,20,2,1,1,1,3,3,3,3,2,2,4,3,1,3,2,4,2,2,2,2,2,2,2,2,2,1,2,2,2,4,4
230,2,30,1, , , ,4,7,1,5,8,3,4,1,18,1,10,1,2,3,3,3,3,3,3,5,3,3,3,2,5,2,2,2,3,2,2,3,3,3,2,3,2,6,6,6
231,1,30,3, , , ,5,2,1,2,9,8,2,1,24,2,2,2,2,4,3,2,3,2,2,2,2,1,2,2,6,2,3,2,2,1,2,2,1,1,1,2,2,3,6,2
232,2,34,3, , , ,4,1,1,5,10,10,5,1,15,1,3,1,1,4,3,3,5,2,2,6,3,6,6,2,6,2,3,3,3,2,3,3,2,2,2,3,3,5,5,5
233,1,28,2, , , ,4,2,1,3,10,10,2,1,25,2,2,2,2,4,3,4,6,3,3,5,3,5,3,2,6,2,2,2,2,2,2,2,3,2,2,4,2,6,6,6
234,1,27,6, , , ,4,5,1,5,10,10,1,2, ,2,1,1,1,5,3,4,1,2,2,4,2,3,1,2,6,3,2,6,3,3,6,6,4,4,5,2,2,5,6,2
235,2,41,1, , , ,3,3,1,5,4,8,7,1,26,1,2,1,0,4,3,4,5,1,5,1,7,7,6,2,7,7,7,5,1,1,1,4,4,2,4,1,4,7,7,7
236,2,35,1, , , ,2,4,1,5,11,1,7,1,17,1,4,1,15,5,3,2,1,2,3,1,2,1,2,2,7,4,2,1,2,1,2,1,2,3,2,1,2,7,6,4
237,2,39,1, , , ,5,3,1,5,9,1,30,1,17,1,30,1,20,4,3,3,3,3,3,1,3,3,3,3,1,1,1,3,5,6,6,2,1,5,2,5,2,3,3,3
238,1,35,3, , , ,2,6,1,5,11,1,10,1,15,2,12,1,8,2,3,3,4,3,4,7,3,2,4,3,1,1,2,4,7,7,7,1,1,6,3,6,4,1,1,1
239,1,31,3, , , ,5,1,1,5,11,1,2 girlfriends,1,25,2,2,1,2,5,3,3,4,3,3,2,3,3,3,3,1,2,2,2,5,5,5,2,3,3,2,4,3,2,4,3
240,1,38,1, , , ,4,7,2, , , ,10,1,15,2,15,2,6,4,3,3,3,4,2,6,4,5,4,3,2,6,4,6,6,6,7,4,3,4,4,3,2,1,4,1
241,2,41,1, , , ,2,6,1,5,10,1,5,1,19,1,1,1,4,3,3,2,3,3,2,4,3,6,6,3,2,1,1,6,7,7,7,2,2,4,2,6,3,1,5,3
242,1,38,3, , , ,4,2,1,5,9,2,5,1,21,2,5,1,1,3,3,3,3,5,3,5,3,3,3,3,2,2,2,2,3,4,4,3,3,3,3,3,3,2,5,2
243,2,63,1, , , ,4,8,1,5,10,1,5,1,20,1,1,1,2,4,3,3,3,7,4,6,5,3,4,3,2,1,1,4,6,6,7,3,4,4,4,7,2,1,1,4
244,2,42,1, , , ,5,7,1,5,8,1,5,1,17,1,8,1,1,3,3,4,4,4,4,3,2,2,4,3,2,3,3,4,6,6,6,3,3,4,3,4,1,1,1,1
245,2,40,1, , , ,3,8,1,5,11,1,7,1,14,1,6,1,5,4,3,3,3,5,3,7,7,3,3,3,2,1,1,1,7,7,7,1,1,7,3,7,3,1,1,1
246,1,23,1, , , ,2,3,1,3,7,5,1,1,22,2,1,1,0,5,3,2,3,3,3,5,2,1,3,3,2,1,1,3,2,6,5,2,2,3,2,3,5,2,2,1
247,2,37,1, , , ,3,4,1,5,11,1,10,1,16,1,5,1,4,3,3,3,5,3,3,1,5,3,4,3,2,1,3,4,7,7,7,1,1,4,3,4,3,1,2,1
248,2,38,1, , , ,5,7,1,5,11,1,6,1,17,1,9,1,12,4,3,3,3,3,3,3,5,6,4,3,2,1,2,2,6,5,6,2,1,3,3,3,2,2,2,4
249,1,30,1, , , ,4,4,1,5,9,1,5,1,18,2,10,1,10,4,3,3,3,3,3,6,3,3,3,3,2,4,2,3,3,4,4,2,2,3,3,4,3,2,2,2
250,1,41,1, , , ,3,7,2, , , ,7,1,17,2,8,1,5,4,3,3,4,3,3,3,5,2,2,3,2,2,2,3,6,5,6,2,3,3,5,6,2,2,3,2
251,1,45,1, , , ,5,7,1,5,10,1,16,1,17,2,16,1,0,3,3,2,2,6,3,5,5,3,3,3,3,7,2,7,5,7,7,4,3,3,3,4,6,2,2,2
252,1,51,1, , , ,3,4,1,4,9,2,15,1,15,2,20,1,6,4,3,3,3,4,3,5,4,4,4,3,3,2,2,2,5,5,5,2,2,3,2,3,3,3,4,3
253,1,35,1, , , ,2,6,1,5,11,1,6,1,16,2,12,1,2,5,3,2,3,5,3,7,3,3,2,3,3,1,1,1,4,3,4,1,1,2,3,3,4,3,6,3
254,2,39,8, , , ,4,6,1,4,10,1,5,1,18,1,5,1,6,4,3,2,4,5,2,3,3,2,5,3,3,2,1,2,6,6,7,3,3,5,3,5,3,2,3,2
255,2,29,1, , , ,4,7,1,5,11,1,8,1,19,1,1,1,5,4,3,3,3,3,2,3,3,3,3,3,3,2,2,3,3,5,2,2,2,3,3,3,3,2,3,3
256,1,28,2, , , ,4,1,2, , , ,2,1,19,2,2,0,0,3,3,5,5,3,4,4,5,5,3,3,3,5,4,4,3,5,3,4,5,4,4,1,5,7,4,4
257,2,36,1, , , ,4,3,1,5,8,1,2,1,29,1,1,1,1,3,3,2,4,5,3,7,3,3,4,3,3,3,2,4,6,6,7,3,4,3,3,5,4,2,3,3
258,1,23,1, , , ,2,1,2, , , ,7,1,16,2,10,2,0,2,3,6,6,6,6,7,5,3,4,3,3,4,2,3,7,6,7,3,3,6,4,5,4,1,2,3
259,1,29,1, , , ,4,4,1,5,9,1,3,1,18,2,3,1,1,4,3, ,3,4,4,4,3,3,3,3,3,2,2,3,4,4,4,3,3,3,3,4,3,3,3,3
260,1,66,1, , , ,2,4,1,5,8,2,20,1,18,2,60,1,4,4,3,4,3,5,4,6,2,2,3,3,3,2,2,2,1,1,1,6,2,5,3,5,5,4,6,2
261,1,57,1, , , ,5,8,1,5,9,2,17,1,17,2,25,1,3,4,3,3,4,4,3,4,3,3,3,3,3,4,4,4,6,6,6,2,2,4,3,3,2,2,4,3
262,2,35,1, , , ,2,8,1,5,10,1,20,1,17,1,40,1,1,4,3,4,3,2,3,5,2,3,3,3,4,6,6,5,2,2,2,1,1,3,4,1,5,7,7,7
263,1,25,3, , , ,5,2,1,4,11,1,4,1,19,2,2,1,2,5,3,2,4,3,3,2,4,2,3,3,4,3,2,2,3,2,3,2,3,2,2,2,2,5,6,6
264,1,34,1, , , ,4,8,1,5,10,2,10,1,17,2,15,1,8,3,3,3,4,5,4,4,3,3,3,3,4,1,2,3,6,6,4,1,1,4,3,4,2,1,6,2
265,1,26,3, , , ,5,2,1,3,8,2,3,2, ,2,2,1,0,5,3,2,2,3,2,2,2,2,3,3,4,2,2,1,4,4,4,3,2,2,2,1,4,5,6,4
266,1,33,1, , , ,3,2,2, , , ,4,1,17,2,5,1,0,2,3,3,4,3,3,5,4,5,5,3,4,4,3,4,6,7,7,3,4,5,2,4,2,2,4,2
267,1,23,1, , , ,4,6,1,4,10,3,3.,1,17,2,25,1,4,4,3,4,3,2,4,3,2,4,5,3,4,5,4,2,3,4,5,4,2,4,2,4,3,3,4,5
268,2,56,1, , , ,3,3,2, , , ,20,1,15,1,25,0,0,3,3,5,5,5,4,4,4,5,4,3,5,1,1,4,5,5,5,2,3,4,3,6,2,2,2,2
269,1,27,3, , , ,4,1,1,5,9, ,1,1,22,2,1,1,3,4,3,4,4,2,3,3,4,2,3,3,5,4,5,2,4,3,3,4,3,2,2,3,4,5,4,6
270,1,39,3, , , ,5,2,1,4,10,1,3,1,15,2,5,1,17,3,3,3,3,3,2,4,3,3,3,3,5,2,3,3,3,3,2,2,3,2,2,4,2,4,4,4
271,2,40,1, , , ,2,6,1,5,10,11,10,1,16,1,8,1,3,1,3,3,4,4,3,5,2,2,4,3,5,2,2,3,5,5,6,3,3,3,4,3,2,6,3,3
272,1,42,1,2, , ,3,8,1,5,9,2,5,1,15,2,20,1,12,4,3,3,4,4,3,4,4,4,4,3,5,2,2,2,6,6,6,2,2,4,3,4,3,2,2,2
273,2,29,1, , , ,4,2,2, , , ,4,1,17,1,8,0,0,4,3,4,5,4,4,4,4,4,4,3,5,4,4,4,5,4,4,3,3,4,4,4,5, ,5,3
274,1,32,4, , , ,4,1,1,5,9,1,7,1,27,2,1,1,3,3,3,4,2,5,4,2,4,5,4,3,6,1,1,2,5,6,6,5,6,3,4,6,4,1,2,2
275,1,27,3, , , ,4,1,1,3,6,3,2,1,25,2,1,1,0,3,3,5,4,2,6,4,5,2,3,3,6,6,4,5,4,2,4,3,5,3,4,2,6,4,3,6
276,2,28,2, , , ,4,1,1,5,11,1,1,2, ,1,0,0,0,4,3,3,2,2,3,3,2,2,3,3,6,3,2,2,3,3,2,2,3,2,2,3,3,6,5,5
277,2,39,1, , , ,2,1,1,5,11,1,10,1,22,1,2,1,4,5,3,5,5,7,5,7,3,3,6,3,6,1,1,7,7,7,7,4,4,6,3,7,3,1,1,1
278,2,47,1,8, , ,4,3,2, , , ,4,1,29,1,6,6,0,4,3,3,6,6,3,7,6,7,7,3,6,1,1,1,7,7,6,2,2,5,2,3,3,1,1,1
279,2,45,1, , , ,2,6,1,5,11,1,5,1,17,1,2,1,6,4,3,3,3,4,3,4,3,6,6,3,7,1,1,1,7,7,7,1,1,3,4,4,4,1,1,1
280,1,57,1, , , ,4,6,1,5,7,1,6,1,18,2,10,0,0,2,3,3,4,6,4,3,3,3,4,4,2,7,6,7,7,6,7,2,2,6,4,7,5,2,6,6
281,1,28,3, , , ,3,1,1,4,9,1,1,1,26,2,1,1,7,4,3,3,4,6,3,7,4,2,3,4,2,3,2,4,3,4,3,3,3,3,4,7,4,1,1,1
282,1,43,1, , , ,3,2,1,5,11,1,8,1,18,2,4,1,24,3,3,3,3,3,3,6,6,6,6,4,2,1,3,3,6,6,6,2,2,5,2,7,3,1,1,1
283,2,49,1, , , ,3,2,2, , , ,6,1,15,1,12,2,1,3,3,3,4,3,3,3,3,6,5,4,3,4,4,4,4,6,6,3,3,4,4,4,3,1,1,1
284,1,22,1, , , ,5,2,1,5,9,3,3,2, ,2,1,3,3,4,3,4,4,3,5,6,6,4,5,4,3,5,6,5,4,3,4,5,3,5,4,3,2,4,4,3
285,2,33,1, , , ,3,6,1,5,9,1,5,1,19,1,5,1,11,3,3,6,5,5,3,3,3,2,2,4,3,7,7,7,7,4,3,5,2,4,3,2,3,6,5,6
286,1,30,3, , , ,4,1,3, , , ,1,2, ,2,0,0,0,4,3,3,5,7,7,7,7,5,4,4,3,4,3,7,5,4,5,5,7,7,7,7,5,3,1,1
287,1,23,1, , , ,2,3,1,3,9,3,2,1,22,2,1,1,0,5,3,2,5,3,3,4,5,3,4,4,3,3,1,1,1,1,1,1,3,2,2,3,2,3,5,6
288,2,27,1, , , ,4,5,1,4,10,2,2,1,22,1,2,1,9,4,3,3,2,3,2,4,3,4,4,4,4,3,3,3,5,5,5,5,4,3,3,3,3,4,4,4
289,1,30,1, , , ,4,3,1,5,11,1,5,1,23,2,1,1,8,4,3,3,3,6,3,7,5,4,4,4,4,2,1,2,4,5,6,3,3,4,3,4,4,4,3,3
290,1,28,3, , , ,5,3,1,4,9,2,2,2, ,2,0,0,0,4,3,3,4,6,3,5,5,3,4,4,4,4,3,5,4,3,4,5,4,3,4,5,4,5,4,4
291,1,31,8, , , ,4,4,1,3,10,1,1,1,30,2,1,1,3,2,3,4,4,4,4,3,4,4,5,4,4,3,2,2,4,4,5,2,2,3,4,4,5,4,4,5
292,1,36,3, , , ,5,2,1,5,8,1,4,1,21,2,4,1,12,3,3,2,2,4,3,5,4,5,5,4,4,2,2,3,5,5,5,3,3,4,3,5,6,3,4,2
293,2,22,1, , , ,4,5,1,3,8,6,3,1,14,1,3,1,5,4,3,3,3,2,3,2,4,4,4,4,4,3,2,2,6,6,6,2,2,3,4,4,3,2,2,2
294,2,21,6, , , ,4,5,2, , , ,3,2, ,1,0,0,0,3,3,2,3,3,2,3,4,4,4,4,4,2,2,2,5,6,4,2,2,3,3,2,3,2,4,4
295,2,27,2, , , ,4,1,2, , , ,5,1,21,1,1,1,6,4,3,4,4,3,4,3,4,2,2,4,5,4,3,2,2,3,2,1,4,3,2,2,2,5,6,5
296,1,59,1, , , ,4,2,2, , , ,9,1,16,2,14,1,0,4,3,3,4,5,4,6,4,4,4,4,5,1,2,2,6,6,6,3,3,5,4,3,4,2,5,2
297,1,29,7, , , ,5,3,1,5,5,5,1,1,20,2,1,1,6,5,3,3,3,4,4,3,2,4,4,4,5,3,2,3,4,4,5,4,3,2,3,4,3,5,6,4
298,1,44,3, , , ,4,1,1,5,10,1,0,2, ,2,1,1,0,4,3,4,3,2,3,4,5,4,4,4,5,4,5,3,3,4,5,4,4,5,4,3,3,3,2,3
299,1,30,1, , , ,5,6,1,5,9,2,5,1,17,2,5,1,15,3,3,2,6,5,2,6,5,5,5,4,5,1,2,2,4,3,4,3,2,5,4,3,4,2,3,4
300,2,45,1, , , ,3,6,1,5,9,1,11,1,15,1,10,1,5,3,3,4,4,3,3,6,5,5,6,4,5,1,1,1,7,7,7,3,3,3,2,3,3,2,4,3
301,1,48,1, , , ,5,6,1,5,7,2,5,1,14,2,17,1,0,3,3,3,4,4,3,5,3,2,4,4,5,4,2,2,6,7,7,2,3,4,3,3,3,5,6,2
302,1,41,1, , , ,3,4,2, , , ,14,1,17,2,25,2,18,4,3,2,4,2,2,5,6,5,4,4,5,5,4,6,5,6,5,1,1,1,3,3,4,4,4,3
303,1,32,1, , , ,2,4,2, , , ,5,1,15,2,4,1,0,4,3,3,6,4,3,4,3,3,6,4,6,2,1,4,6,6,6,4,4,4,4,6,6,2,4,2
304,1,26,1, , , ,4,2,1,4,9,9,1,2, ,2,1,1,3,3,3,2,5,4,6,2,4,5,3,4,6,1,2,6,3,4,2,3,2,3,1,6,4,1,6,4
305,1,33,3, , , ,4,4,1,5,11,1,4,1,16,2,2,1,10,5,3,2,4,3,2,2,3,3,2,4,6,3,4,2,3,1,2,2,3,1,3,1,1,4,5,4
306,2,29,3, , , ,4,2,1,5,8, ,2,1,21,1,2,2,0,5,3,5,2,4,3,2,4,3,4,4,6,3,1,3,4,3,2,3,2,1,3,5,6,5,5,4
307,1,21,8, , , ,2,5,1,4,11,1,1,1,21,2,1,1,4,3,3,4,7,7,4,7,3,1,4,4,6,1,2,2,7,7,7,1,1,4,4,7,7,1,1,4
308,2,36,1, , , ,4,6,2, , , ,2,1,17,1,4,0,0,3,3,3,3,3,3,3,3,4,4,4,6,7,4,7,7,7,7,2,3,3,3,3,2,2,4,4
309,1,73,1, , , ,2,2,1,5,11,1,20,1,10,2,10,1,0,1,3,3,3,2,2,3,2,5,6,4,6,3,2,2,6,6,6,2,2,6,5,5,2,2,6,2
310,2,48,8, , , ,4,4,1,4,9,1,5,1,28,1,5,1,4,4,3,3,5,6,3,7,6,6,7,5,2,2,1,1,6,7,7,3,3,6,2,7,5,1,1,2
311,1,31,1, , , ,4,4,1,4,11,1,12,1,14,2,10,1,5,4,3,3,3,3,3,5,5,5,5,5,2,7,3,6,7,7,7,2,2,3,5,2,2,2,5,2
312,1,30,2, , , ,4,4,1,5,8,1,3,1,16,2,4,1,4,3,3,3,3,5,3,5,6,7,4,5,2,2,4,3,6,7,6,2,3,5,3,5,3,3,2,3
313,1,56,1, , , ,4,6,1,5,8,1,5,1,18,2,10,0,0,2,3,3,3,2,3,4,3,3,4,5,2,7,7,7,7,7,7,3,2,6,4,6,5,1,6,6
314,1,76,1, , , ,4,2,2, , , ,4,1,14,2,20,0,0,4,3,3,5,5,3,5,5,5,5,5,3,1,1,1,7,7,7,1,1,1,1,1,1,1,3,1
315,2,59,1, , , ,3,4,1,5,9,2,5,1,16,1,4,1,1,4,3,5,5,6,6,7,3,2,5,5,3,1,2,2,6,6,6,4,4,7,4,7,5,3,2,2
316,1,22,6, , , ,4,6,2, , , ,9,1,14,2,4,0,0,2,3,2,3,4,4,5,3,4,5,5,3,2,3,2,6,6,5,1,1,4,3,3,3,3,3,2
317,2,55,1, , , ,4,4,1,5,9,1,11,1,17,1,11,1,3,3,3,4,5,6,4,7,3,3,5,5,3,1,1,3,7,7,7,2,5,6,2,7,2,1,1,4
318,2,36,1, , , ,3,3,2, , , ,7,1,12,1,7,0,0,3,3,2,2,2,2,2,3,4,4,5,3,4,3,6,6,6,6,3,3,3,2,3,2,1,3,3
319,2,42,1, , , ,2,4,1,5,10,1,7,1,19,1,4,1,20,3,3,3,3,4,3,3,4,5,5,5,3,2,2,4,7,7,7,2,2,4,1,4,1,4,4,4
320,1,30,2, , , ,4,4,1,5,9,1,3,1,16,2,4,1,4,3,3,3,5,3,4,5,6,7,4,5,3,3,4,3,6,6,5,3,3,4,4,4,3,3,3,3
321,1,34,3, , , ,4,4,1,5,9,1,3,1,22,2,8,1,2,4,3,3,4,5,2,5,4,6,5,5,4,2,1,4,3,4,3,2,1,3,2,4,4,4,6,5
322,2,31,3, , , ,5,1,1,2,5,7,2,1,27,1,1,1,1,3,3,2,3,7,4,7,4,3,5,5,4,2,2,6,5,2,3,3,4,3,4,3,4,6,3,4
323,1,30,1, , , ,3,4,1,3,8,2,3,1,18,2,6,2,1,3,3,5,4,5,4,3,4,4,3,5,4,3,4,3,4,4,3,3,5,3,4,4,3,4,5,4
324,1,47,3, , , ,5,6,1,5,11,1,1,1,30,2,1,1,1,5,3,2,2,4,4,7,4,5,6,5,4,4,1,1,6,5,6,4,4,4,2,3,3,1,4,1
325,1,36,8, , , ,4,4,1,5,9,1,8,1,12,2,6,1,6,2,3,2,3,4,3,3,5,6,6,5,5,3,2,3,2,2,3,1,3,3,3,2,5,2,7,5
326,2,41,1, , , ,4,9,1,5,10,1,4,1,21,1,2,1,0,3,3,4,4,4,4,6,3,4,4,5,5,2,2,2,4,4,4,3,3,4,3,5,3,3,4,4
327,2,32,1, , , ,4,3,1,5,4,3,10,1,19,1,8,1,0,4,3,4,4,2,2,3,5,5,5,5,5,2,3,4,6,7,7,4,4,3,4,5,3,2,3,4
328,1,56,1, , , ,2,5,1,5,8,1,20,1,18,2,30,1,10,1,3,3,5,5,3,5,5,5,5,5,5,2,2,3,5,5,5,4,4,5,5,5,5,3,3,3
329,2,34,8, , , ,3,6,1,5,10,1,2,1,18,1,4,1,5,4,3,3,3,3,3,5,3,6,5,5,5,1,1,1,7,7,7,3,2,3,5,7,4,1,2,6
330,2,29,1, , , ,2,5,1,5,10,2,7,1,16,1,5,1,5,4,3,5,3,3,4,4,5,5,5,5,5,3,2,2,6,6,6,2,2,3,3,3,5,5,5,5
331,2,42,1, , , ,3,5,1,5,10,1,4,1,17,1,3,1,2,3,3,3,3,3,3,6,5,5,4,5,5,1,2,2,6,5,4,3,3,3,3,3,6,1,2,1
332,2,27,1, , , ,4,6,1,5,9,1,7,1,20,1,7,1,0,4,3,3,3,2,3,4,5,5,5,5,5,2,2,2,3,4,3,3,2,2,2,4,5,4,5,5
333,1,32,1, , , ,4,6,1,5,9,1,3,1,21,2,1,1,7,3,3,5,5,2,5,1,3,3,5,5,6,7,7,7,1,1,3,7,7,5,5,3,5,6,2,5
334,1,70,1, , , ,3,2,2, , , ,23,1,18,2,12,0,0,3,3,2,3,5,4,5,4,3,2,5,6,1,1,2,4,5,5,1,1,3,5,6,3,2,6,1
335,1,32,1, , , ,3,5,1,5,7,1,5,1,21,2,4,1,4,2,3,4,5,6,4,6,6,4,5,5,6,2,1,1,6,6,7,1,1,6,4,5,3,1,6,1
336,2,21,1,6,7,8,4,3,1,3,5,5,5,1,19,1,2,1,12,3,3,3,4,4,3,4,5,4,3,5,6,5,3,4,6,2,4,4,3,3,4,3,4,5,4,4
337,1,70,1, , , ,2,5,1,5,10,1,2,1,19,2,2,0,0,4,3,6,6,7,6,7,4,4,4,5,6,1,3,4,5,5,5,4,4,6,4,7,6,1,4,4
338,2,39,1, , , ,2,7,1,5,10,1,3,1,19,1,2,1,8,3,3,4,4,7,4,7,2,3,3,5,7,1,1,1,2,7,2,1,2,4,7,7,5,1,6,1
339,2,34,8, , , ,4,6,1,5,9,1,3,1,14,1,4,1,0,3,3,2,5,7,5,5,2,1,4,6,1,7,4,6,7,7,7,3,3,6,4,7,6,1,1,1
340,1,62,1, , , ,5,8,1,5,11,1,10,1,18,2,4,1,4,3,3,6,6,6,6,6,3,5,6,6,2,2,2,2,6,6,6,3,3,6,3,6,6,2,2,2
341,1,28,1, , , ,2,1,1,5,8,9,3,1,17,2,4,1,0,3,3,5,2,2,5,6,4,4,3,6,3,5,1,4,2,2, ,4,4,2,3,5,5,6,5,1
342,1,25,8, , , ,2,7,1,5,11,1,6,1,16,2,6,1,8,5,3,3,3,4,5,5,5,6,6,6,3,2,2,6,6,6,6,6,6,7, ,6,2,3,2,2
343,2,40,1, , , ,2,1,2, , , ,3,1,14,1,4,0,0,3,3,4,4,4,4,5,7,7,7,6,4,1,4,4,7,7,7,1,2,4,2,5,4,1,6,1
344,2,30,1,6, , ,3,6,1,5,8,1,10,1,17,1,25,2,10,3,3,4,4,6,4,6,6,6,6,6,5,4,2,3,6,6,6,3,3,6,5,6,5,2,2,2
345,2,30,1, , , ,2,6,1,5,11,1,15,1,14,1,15,1,0,3,3,3,2,3,2,7,5,6,6,6,5,3,3,7,7,7,7,7,3,3,3,2,1,1,5,1
346,2,53,1, , , ,2,2,1,5,7,1,10,1,18,1,8,0,0,4,3,3,4,5,3,4,5,5,5,6,5,6,3,4,6,7,5,2,2,5,3,6,2,1,2,3
347,2,38,1, , , ,5,8,1,4,10,1,6,1,17,1,6,1,13,3,3,6,6,7,6,7,3,3,5,6,6,1,1,1,5,6,3,3,3,6,3,7,6,5,1,5
348,2,31,1, , , ,4,6,1,5,8,1,1,1,17,1,1,1,0,2,3,4,5,6,4,5,7,7,7,6,6,1,2,3,7,7,7,2,3,6,4,7,3,1,5,5
349,2,47,1, , , ,2,6,1,5,10,1,4,1,13,1,80,1,3,4,3,2,2,2,2,2,6,6,4,6,6,7,7,7,7,7,7,2,3,3,4,6,2,2,2,2
350,2,56,1, , , ,4,3,1,3,6,8,4,1,27,1,3,1,2,4,3,4,6,4,5,6,5,5,6,6,6,6,6,3,2,2,5,6,6,3,4,6,3,4,2,2
351,2,32,1, , , ,4,1,1,5,10,1,11,1,18,1,11,1,8,4,3,4,3,5,3,4,6,6,6,6,6,7,4,7,7,7,7,1,1,3,4,7,5,2,4,3
352,2,44,1, , , ,3,7,1,5,6,1,15,1,16,1,12,1,12,3,3,6,5,6,6,6,6,6,6,6,6,2,2,2,6,6,6,2,2,6,3,5,3,2,2,6
353,1,19,1, , , ,3,7,2, , , ,0,2, ,2,0,0,0,4,3,6,6,6,6,6,6,6,6,6,6,2,2,2,6,6,6,2,2,5,6,2,6,2,6,6
354,2,32,1, , , ,3,3,2, , , ,4,1,16,1,10,1,0,4,3,2,2,2,2,2,5,5,5,6,6,1,1,1,6,6,6,2,2,2,2,4,2,2,2,2
355,2,51,1, , , ,3,3,2, , , ,10,1,13,1,8,1,5,2,3,5,5,3,3,2,6,6,7,6,7,2,2,1,7,4,6,1,1,6,3,6,6,5,6,3
356,2,47,1, , , ,4,5,1,5,10,5,10,1,16,1,20,2,25,4,3,3,3,3,3,3,1,3,3,7,1,7,7,7,7,7,7,7,7,7,7,7,7,1,1,1
357,2,33,1, , , ,4,6,1,5,7,1,13,1,15,1,10,1,8,2,3,5,5,6,6,7,3,5,6,7,3,1,2,2,7,7,7,1,1,7,3,7,3,1,6,1
358,2,39,1, , , ,3,1,1,5,11,1,10,1,22,1,2,1,4,5,3,3,3,7,4,7,2,1,5,7,3,1,1,3,7,7, ,4,4,4,3,7,1,1,1,1
359,1,30,1, , , ,4,2,1,4,10,1,15,1,14,2,25,1,15,3,3,5,6,5,4,5,7,6,7,7,4,2,2,2,6,7,4,2,2,6,3,5,3,6,7,3
360,1,25,1, , , ,4,5,1,5,10,1,4,1,19,2,2,1,5,4,3,3,4,7,3,7,7,7,4,7,5,3,1,7,7,7,7,3,3,4,3,7,2,1,2,1
361,1,53,1, , , ,2,3,1,5,11,1,1,1,19,2,1,1,5,2,3,6,6,7,6,7,5,5,5,7,5,1,3,4,7,7,7,3,3,7,4,7,5,1,4,1
362,2,28,1, , , ,5,8,1,5,11,1,1,1,16,1,1,1,3,3,3,3,4,6,4,7,7,7,7,7,5,1,1,4,6,7,7,4,4,3,2,7,4,1,1,1
363,2,41,1, , , ,5,6,2, , , ,6,1,15,1,65,1,0,4,3,2,2,1,3,1,7,7,7,7,6,7,7,7,7,7,7,2,1,3,4,5,2,1,1,1
364,2,32,1, , , ,5,6,1,5,11,1,5,1,19,1,5,1,6,5,3,4,7,7,5,7,7,6,7,7,6,1,1,2,6,7,7,3,3,6,4,7,3,1,1,1
365,2,58,1, , , ,3,1,1,5,9,1,3,1,18,1,can't remember too many,0,2,2,3,3,3,4,3,7,6,7,7,7,7,7,1,4,7,7,7,3,7,3,1,1,1,5,1,1
366,2,50,1, , , ,4,3,1,5,7,1,2,1,19,1,2,1,4,3,3,3,5,7,4,7,7,7,7,7,7,4,4,3,7,3,7,3,6,6,7,7,5,1,2,6
367,2,47,1, , , ,4,8,1,5,6,1,7,1,17,1,7,1,4,3,3,3,3,3,3,7,7,7,7,7,7,1,3,1,7,7,7,2,2,3,2,7,5,1,1,5
368,2,62,1, , , ,3,3,2, , , ,4,1,17,1,12,0,0,2,3,3,3,5,3,7,5,6,7,7,7,4,4,4,7,7,7,1,1,4,3,6,3,1,6,1
369,2,41,1, , , ,2,4,1,5,3,6,8,1,13,1,9,1,0,1,3,6,5,6,3,7,7,7,7,7,7,1,3,1,7,7,7,1,1,6,3,7,6,4,4,3
370,1,20,5, , , ,2,7,2, , , ,1,1,19,2,1,1,0,3,3,3,3,7,4,7,4,4,6,7,7,1,1,1,4,3,2,1,1,2,3,2,6,7,7,5
371,2,37,6, , , ,4,6,1,5,10,1,6,1,20,1,6,1,20,3,4,4,4,1,4,2,1,1,1,1,2,7,7,1,1,1,1,5,5,1,5,1,6,7,7,7
372,1,36,3, , , ,4,4,1,5,11,1,2,1,24,2,1,1,4,4,4,5,2,1,4,1,2,3,1,1,2,7,7,7,1,1,1,5,5,3,4,2,2,7,2,7
373,2,38,1, , , ,4,8,1,5,10,1,3,1,19,1,1,1,10,3,4,2,2,5,2,3,2,1,3,1,2,1,1,1,5,6,6,2,2,4,3,6,5,1,2,2
374,2,30,1,6, , ,3,6,1,5,9,1,7,1,17,1,25,1,3,3,4,5,5,2,4,1,1,1,1,1,3,7,7,3,1,1,1,5,5,1,5,2,6,6,4,6
375,1,31,1, , , ,5,8,1,5,11,1,1,1,21,2,1,1,6,4,4,4,4,4,4,4,3,4,3,2,2,1,1,1,7,7,7,4,4,4,4,4,4,4,4,4
376,1,42,3, , , ,4,2,1,5,11,1,1,1,30,2,1,1,0,5,4,4,4,6,4,7,1,1,4,2,2,1,1,1,4,4,7,4,4,2,4,7,4,4,3,7
377,2,60,1, , , ,4,7,1,5,11,1,3,1,19,1,3,1,12,5,4,6,7,7,6,6,2,2,4,2,2,1,1,1,7,7,7,3,4,3,4,7,1,1,1,1
378,1,49,3, , , ,5,1,1,5,11,1,1,1,25,2,2,1,10,4,4,4,4,5,5,6,3,2,4,2,2,4,1,2,4,4,4,2,3,3,4,4,4,3,3,5
379,2,42,1, , , ,5,3,1,5,10,1,10,1,17,1,10,1,2,4,4,4,2,2,4,2,1,2,2,2,2,7,6,4,3,5,4,5,4,3,5,3,7,7,4,7
380,2,36,1, , , ,4,6,1,5,10,1,5,1,14,1,10,1,5,5,4,4,4,6,5,7,2,2,3,2,2,1,1,1,7,7,7,4,6,6,2,6,1,1,2,2
381,1,30,3, , , ,5,7,1,4,10,2,2,1,20,2,2,2,5,5,4,1,5,6,4,3,3,1,2,2,4,1,1,1,2,3,3,2,2,1,2,3,1,5,6,5
382,1,34,3, , , ,4,2,1,4,11,1,2,2, ,2,1,1,5,4,4,4,4,6,3,7,4,5,4,2,4,1,1,1,2,5,4,4,1,1,6,4,5,3,3,3
383,2,28,3, , , ,5,1,1,5,11,1,1,1,20,1,1,1,1,3,4,3,2,2,2,5,4,1,2,2,4,2,2,2,4,4,4,3,3,3,2,2,2,3,4,3
384,2,28,3, , , ,5,1,1,5,11,1,1,1,21,1,1,1,10,3,4,3,2,2,2,5,2,1,2,2,4,2,2,2,4,2,3,3,3,3,3,3,4,3,4,4
385,1,31,3, , , ,4,2,1,5,11,1,1,1,27,2,1,1,0,4,4,3,4,4,5,1, ,1,1,2,5,4,3,4,4,3,3,2,2,3,2,3,4,4,4,6
386,1,50,1, , , ,4,8,1,5,10,1,12,1,15,2,10,1,2,5,4,3,5,5,3,3,4,4,5,2,5,4,5,4,4,3,3,4,5,5,5,3,3,4,5,5
387,2,28,3, , , ,5,1,1,5,11,1,1,1,20,1,1,1,10,4,4,3,2,2,2,4,2,3,2,2,5,2,2,2,2,2,2,2,2,2,2,2,2,2,4,4
388,2,36,1, , , ,4,8,1,4,11,1,2,1,18,1,2,1,1,4,4,4,4,4,4,3,3,3,3,2,6,2,2,2,2,2,2,2,2,2,2,2,2,3,4,2
389,2,34,1, , , , ,7,1,1,9,3,5,1,17,1,32,3,1,3,4,3,4,2,2,3,3,3,4,3,2,5,3,4,5,3,2,2,2,4,3,4,6,2,5,1
390,2,34,1, , , ,4,8,1,5,11,1,7,1,23,1,7,1,4,5,4,4,4,4,3,5,3,3,4,3,2,1,1,2,5,6,4,3,4,5,3,6,3,2,3,4
391,1,47,2, , , ,5,2,1,5,10,1,1,1,27,2,1,1,1,4,4,3,5,6,4,7,3,3,3,3,2,2,1,2,4,4,5,3,4,3,5,5,5,2,2,4
392,1,27,1, , , ,4,5,1,3,9,7,2,1,16,2,1,2,1,4,4,6,3,6,5,3,5,3,6,3,3,3,6,4,3,6,3,5,3,5,3,6,4,3,5,3
393,1,32,2, , , ,3,2,1,4,6,5,3,1,18,2,3,1,5,3,4,2,4,3,5,2,6,4,3,3,3,4,6,3,5,3,7,6,4,2,3,6,3,4,4,2
394,2,33,1, , , ,3,4,1,5,10,1,8,1,16,1,7,1,3,2,4,4,3,1,4,2,4,4,3,3,3,1,3,4,6,5,7,4,4,5,4,6,4,2,3,3
395,1,36,1,8, , ,4,7,1,5,11,1,7,1,14,2,11,1,20,4,4,4,5,6,4,6,5,5,4,3,3,1,1,2,4,4,3,2,2,4,4,6,5,2,1,1
396,1,51,1,5,7,8,5,7,1,5,11,1,10,1,14,2,6,1,2,3,4,3,4,5,4,6,5,4,4,3,3,1,2,3,6,6,6,2,2,4,3,4,2,2,4,2
397,2,43,2, , , ,4,2,1,5,10,2, ,2, ,1,2,1,1,4,4,5,6,6,6,5,5,6,6,3,4,4,4,3,4,5,4,3,4,3,3,3,3,4,4,5
398,1,34,1, , , ,4,8,1,5,11,10,4,1,18,2,2,1,25,4,4,7,4,3,5,4,2,6,4,3,4,6,3,5,3,2,6,6,5,6,2,4,5,5,1,3
399,2,28,1, , , ,4,4,1,2,5,4,2,1,16,1,2,1,1,3,4,5,4,3,5,4,3,3,4,3,4,5,3,3,6,3,3,5,3,6,4,5,3,4,4,3
400,2,25,8, , , ,4,2,1,4,9,1,3,1,20,1,3,1,20,3,4,4,3,3,4,4,6,6,6,3,5,7,2,7,7,7,7,4,4,4,3,4,5,1,1,1
401,1,23,1, , , ,3,2,1,1,6,6,3,1,19,2,3,1,0,4,4,4,3,4,4,3,4,4,4,3,5,3,4,4,4,4,3,4,3,3,4,4,4,4,4,3
402,1,27,6, , , ,4,5,1,5,9,8,1,2, ,2,1,1,1,3,4,3,2,2,2,5,6,4,6,3,5,3,5,2,5,6,3,3,2,6,6,2,5,6,4,2
403,1,37,2, , , ,4,2,1,5,7,8,3,1,21,2,4,4,1,3,4,2,3,3,4,3,2,3,4,3,6,3, ,5,2,3,2,3,3,2,5,3,2,6,5,5
404,2,33,1, , , ,4,6,1,5,10,1,3,1,20,1,3,1,3,4,4,4,5,6,4,7,5,5,5,3,6,2,2,2,6,6,6,4,6,4,5,6,5,2,2,2
405,1,25,3, , , ,4,5,1,4,10,7,3,1,20,2,2,3,2,3,4,2,1,3,4,5,2,4,3,3,7,3,4,2,1,3,4,3,3,2,2,3,4,6,6,5
406,2,44,1, , , ,4,3,1,5,10,1,6,1,16,1,6,1,15,3,4,3,3,4,3,3,4,5,6,4,2,6,4,6,7,7,7,3,3,4,3,6,4,2,2,2
407,2,33,1, , , ,5,2,1,5,8,1,3,1,19,1,5,1,0,5,4,2,2,3,2,2,5,5,5,4,3,6,6,7,7,7,7,3,3,2,2,5,2,2,2,2
408,2,45,1, , , ,5,7,1,5,11,1,50,1,14,1,30,1,10,3,4,3,4,3,3,4,3,4,4,4,3,1,1,4,6,6,6,2,2,4,4,4,1,1,2,2
409,2,56,6, , , ,4,3,2, , , ,4,1,21,1,6,0,0,4,4,2,3,4,2,4,1,2,4,4,3,7,2,6,7,7,7,4,4,2,4,4,7,5,4,4
410,1,1992,3, , , ,4,4,1,3,7,7,3,1,19,2,5,2,3,3,4,5,4,5,6,5,4,6,5,4,3,6,5,5,6,5,6,5,4,5,6,5,4,3,2,3
411,1,1992,3, , , ,4,4,1,3,8,6,2,1,2010,2,5,4,2,3,4,5,6,5,5,4,6,5,6,4,3, ,6,4,5,4,5,6,4,5,6,5,6,3,3,4
412,2,26,1, , , ,4,6,1,5,10,1,3,1,16,1,45,1,7,4,4,3,4,4,3,2,4,3,4,4,3,3,4,4,5,6,4,2,3,3,4,5,4,3,4,3
413,1,30,6, , , ,2,6,2, , , ,2,1,16,2,2,0,0,3,4,5,5,4,4,5,6,5,5,4,3,1,3,2,4,6,7,3,3,5,3,5,6,6,6,3
414,1,27,1, , , ,4,4,1,5,9,2,3,1,17,2,2,1,0,3,4,4,6,5,4,6,5,4,6,4,3,3,3,4,6,5,5,3,2,5,4,6,3,3,5,2
415,2,26,1, , , ,4,5,1,5,5,1,10,1,18,1,20,1,0,2,4,3,3,4,3,3,4,6,3,4,3,3,3,5,3,4,4,4,3,4,3,4,5,5,4,4
416,2,34,1, , , ,4,5,1,5,8,1,5,1,18,1,5,1,1,4,4,5,4,4,4,4,3,4,4,4,3,4,7,4,3,4,4,4,4,3,4,4,5,6,4,4
417,1,32,4, , , ,4,1,1,5,10,1,5,1,27,2,1,1,8,3,4,4,4,4,4,4,4,4,5,4,4,4,4,4,4,4,4,4,4,4,4,4,4,4,4,3
418,1,40,3, , , ,4,1,1,5,11,1,1,1,31,2,1,1,1,4,4,4,4,4,4,4,4,4,4,4,4,4,4,4,4,4,4,4,4,4,4,7,4,4,4,4
419,2,33,1, , , ,3,4,1,5,2,10,8,1,17,1,11,1,0,5,4,4,4,4,4,4,4,4,4,4,4,4,4,4,4,4,4,4,4,4,4,4,4,4,4,4
420,1,25,8, , , ,5,4,1,5,10,2,4,1,18,2,2,1,22,5,4,4,4,4,4,4,4,4,4,4,4,4,4,4,4,4,4,4,4,4,4,4,4,4,4,4
421,2,30,6, , , ,4,6,1,5,9,1,3,1,22,1,2,1,12,4,4,4,4,4,4,4,4,4,4,4,4,4,4,4,4,4,4,4,4,4,4,4,4,4,4,4
422,1,41,6, , , ,4,6,1,5,9,1,10,1,20,2,10,1,10,4,4,4,4,5,4,5,5,5,6,4,4,2,4,4,5,6,6,3,3,6,5,6,5,3,2,2
423,2,45,1, , , ,4,7,1,5,9,1,1,1,18,1,5,1,5,3,4,5,5,5,5,5,4,4,5,4,4,2,2,4,5,5,5,5,4,4,4,4,4,4,4,4
424,2,53,1,8, , ,4,5,1,5,10,1,3,1,24,1,2,1,1,4,4,3,3,4,3,6,5,4,4,4,4,1,1,3,4,4,4,3,3,4,4,6,5,5,4,4
425,2,32,3, , , ,4,1,1,5,9,1,1,1,23,1,1,1,1,3,4,5,5,7,6,7,4,4,5,4,4,2,2,2,6,6,6,6,6,6,4,6,4,2,2,2
426,2,32,3, , , ,4,1,1,5,10,1,1,1,23,1,1,1,1,3,4,4,3,6,4,7,4,3,4,4,5,1,1,1,6,6,6,3,4,5,4,7,4,1,1,4
427,2,53,1,8, , ,4,5,1,5,9,1,3,1,23,1,2,1,0,4,4,4,4,7,4,6,6,4,6,4,5,1,1,7,7,7,7,4,4,4,4,7,5,5,2,2
428,2,47,1, , , ,4,4,1,4,8,5,6,1,17,1,20,1,5,4,4,4,4,5,4,2,5,5,4,4,5,6,7,6,2,3,4,7,6,5,4,3,3,3,4,5
429,1,35,8, , , ,4,3,1,5,9,1,8,1,14,2,4,1,6,3,4,2,3,4,2,4,5,5,6,4,5,2,3,2,3,5,4,1,2,3,3,4,4,3,6,6
430,1,27,1, , , ,4,3,1,4,9,2,3,1,17,2,2,1,0,3,4,5,6,6,5,7,4,4,5,4,5,2,3,4,7,6,5,4,2,5,4,6,5,2,6,3
431,1,42,3, , , ,4,2,1,5,10,1,1,1,29,2,1,0,0,4,4,2,1,4,4,7,4,4,3,4,5,1,1,1,2,4,4,3,4,3,3,7,2,7,5,7
432,2,28,1, , , ,4,7,1,5,11,1,1,1,20,1,1,1,1,4,4,5,4,4,5,5,4,5,5,4,5,4,5,4,5,5,5,6,4,3,5, ,5,4,3,3
433,2,28,1, , , ,2,4,1,5,10,1,3,1,17,1,2,1,1,3,4,3,3,3,3,5,5,5,5,4,5,3,3,2,5,6,6,3,3,5,4,5,4,4,3,4
434,2,45,1,7, , ,3,6,1,5,10,1,6,1,17,1,6,1,3,3,4,4,3,3,3,4,3,2,4,4,5,7,1,7,7,7,7,4,4,6,4,4,3,1,1,1
435,2,32,3, , , ,4,3,1,5,8,1,3,1,21,1,1,1,4,4,4,4,5,5,6,4,4,4,4,4,6,7,4,5,5,4,4,5,4,4,5,4,4,3,3,3
436,1,33,3, , , ,4,4,1,5,8,1,2,1,18,2,2,1,1,5,4,2,3,2,1,3,4,3,3,4,6,4,2,3,2,1,3,4,4,2,3,2,2,7,4,6
437,2,33,6, , , ,5,5,2, , , ,5,1,22,1,11,1,0,2,4,4,3,3,4,2,3,5,5,4,6,2,2,2,7,7,7,4,4,6,7,7,7,1, ,1
438,2,35,6, , , ,2,6,1,5, ,1,7,1,14,1,5,1,6,3,4,3,4,3,5,1,1,2,4,4,6,7,6,5,3,2,1,3,3,4,3,2,4,5,4,3
439,2,35,1, , , ,2,1,1,5,11,1,3,1,13,1,3,1,15,4,4,4,4,4,4,4,7,7,7,4,7,1,1,4,7,7,7,7,4,4,4,4,4,4,4,4
440,2,57,1, , , ,5,4,1,5,11,1,7,1,18,1,6,1,0,4,4,4,5,7,7,4,5,5,4,5,1,1,1,7,7,7,7,7,7,7,4,7,3,1,1,1
441,2,48,1, , , ,5,6,1,5,10,1,5,1,16,1,21,1,1,2,4,4,5,5,3,5,6,6,6,5,2,6,3,6,7,7,7,2,3,5,3,6,3,2,3,4
442,1,28,3, , , ,4,1,1,2,6,8,3,1,18,2,2,2,2,4,4,3,3,3,3,4,3,3,5,5,3,6,5,3,6,4,4,5,5,5,5,4,5,4,3,4
443,1,49,1, , , ,5,7,1,5,10,9,6,1,21,2,4,4,100,4,4,5,5,4,5,4,5,4,5,5,4,5,4,5,4,5,4,5,5,4,5,4,5,4,3,4
444,1,35,1,1, , ,4,3,1,5,10,1,3,1,15,2,3,1,6,3,4,4,4,7,4,7,5,5,5,5,4,7,4,4,7,7,7,1,1,5,4,4,5,1,7,1
445,1,27,3, , , ,4,2,1,4,9,9,2,1,22,2,2,1,1,4,4,2,3,4,6,4,5,3,4,5,4,2,4,4,2,4,6,4,5,4,3,4,5,4,5,4
446,2,24,1, , , ,2,8,1,4,11,1,2,1,17,1,2,1,1,4,4,3,6,5,4,3,4,5,5,5,4,4,5,6,5,4,3,4,5,4,3,3,4,3,4,5
447,1,55,1, , , ,4,6,2, , , ,22,1,19,2,22,3,6,3,4,3,3,3,3,6,5,5,5,5,4,3,3,3,6,6,6,3,3,4,3,3,3,3,4,2
448,2,28,1, , , , ,6,1,5, ,1,1,1,22,1,1,1,1,5,4,5,5,4,5,5,4,5,5,5,4,5,5,5,4,5,5,4,4,5,4,4,5,3,3,4
449,2,28,1, , , ,4,8,1,5,9,1,3,1,16,1,4,1,6,4,4,5,2,3,4,5,4,3,5,5,4,4,5,3,4,5,5,6,3,6,6,2,2,3,3,4
450,1,76,1, , , ,5,4,2, , , ,45,1,18,2,25,0,0,5,4,5,5,5,5,5,5,5,5,5,5,4,5,5,7,7,7,4,4,6,4,4,5,1,4,4
451,1,40,1, , , ,5,6,2, , , ,7,1,25,2,4,0,0,3,4,4,4,4,4,4,5,5,5,5,5,3,2,4,6,7,7,2,2,4,2,3,5,5,6,4
452,2,35,1, , , ,3,6,1,5,6,1,7,1,18,1,7,1,2,2,4,4,5,5,5,5,5,6,6,5,5,6,6,6,6,5,5,2,2,6,3,6,6,2,6,2
453,1,29,1, , , ,2,8,1,5,11,1,4,1,24,2,3,1,5,3,4,4,4,4,4,4,5,5,5,5,5,7,4,7,7,7,7,4,4,4,5,7,3,1,1,4
454,1,27,1, , , ,4,5,2, , , ,4,1,18,2,4,0,0,3,4,5,5,5,4,5,5,5,5,5,5,4,4,5,3,2,2,2,3,5,4,5,5,4,5,5
455,1,19,1, , , ,2,1,2, , , ,0,2, ,2,0,0,0,4,4,2,3,5, ,4,5,6,7,5,5,2,5,6,5,4,2,4,4,6,5,4,2,2,4,2
456,2,62,1, , , ,2,2,1,5,10,1,5,1,18,1,25,1,0,3,4,4,4,3,4,7,3,4,4,5,5,4,3,5,7,7,7,3,4,6,5,7,6,1,2,2
457,1,40,1, , , ,5,6,1,3,11,1,5,1,18,2,5,2,30,4,4,5,3,3,3,4,4,5,5,5,5,4,4,2,4,5,4,4,4,5,5,4,3,5,4,3
458,1,29,1, , , ,4,8,1,5,10,1,2,1,19,2,2,1,2,4,4,4,3,3,4,6,2,3,4,5,5,1,2,1,3,1,1,1,1,1,1,2,5,1,5,5
459,2,58,1, , , ,3,2,2, , , ,10,1,17,1,10,0,0,3,4,4,5,4,4,5,5,5,5,5,6,5,5,5,5,5,5,3,2,4,4,4,4,4,6,3
460,2,41,8, , , ,3,7,1,5,9,1,1,1,23,1,1,1,0,2,4,6,6,7,7,4,3,7,6,5,6,7,2,5,7,7,7,4,6,5,4,6,4,1,1,1
461,2,66,1, , , ,2,3,1,5,11,1,2,1,21,1,2,2,2,2,4,5,5,6,6,6,2,4,5,5,7,7,1,1,7,7,7,7,7,7,4,7,7,1,1,1
462,1,35,3, , , ,4,3,1,2,5,7,22,1,22,2,2,5,2,3,4,5,5,5,6,5,6,6,6,6,2,6,5,5,5,6,6,5,5,6,5,6,5,3,2,3
463,1,32,3, , , ,4,1,1,5,10,11,1,1,26,2,1,1,15,4,4,5,6,6,5,4,5,6,6,6,3,6,5,4,5,6,5,4,4,5,6,7,6,4,3,3
464,1,36,3, , , ,4,3,1,5,10,1,2,1,26,2,1,1,5,3,4,4,4,5,4,6,6,6,6,6,3,1,2,1,5,6,4,5,4,4,4,7,4,5,4,4
465,2,23,6, , , ,5,4,2, , , ,5,1,15,1,13,2,1,4,4,4,7,5,4,4,5,5,6,6,3,4,6,5,5,5,6,6,5,5,6,5,6,3,2,2
466,2,49,1, , , ,2,4,1,5,10,1,3,1,18,1,1,1,2,4,4,5,6,6,6,6,6,6,6,6,3,2,2,4,6,6,6,6,6,6,6,6,4,2,2,2
467,1,33,6, , , ,4,7,1,5,10,1,3,1,17,2,3,1,4,4,4,3,3,5,2,3,5,5,5,6,4,3,5,2,3,4,5,2,6,5,2,5,4,2,5,3
468,1,28,2, , , ,3,3,1,5,7,9,3,1,22,2,2,1,1,4,4,3,5,6,6,5,3,5,4,6,4,6,4,4,5,3,5,3,5,3,4,6,3,2,4,3
469,2,38,1, , , ,4,8,1,5,11,11,3,1,16,1,3,1,30,3,4,6,5,5,3,5,5,6,5,6,4,4,3,4,6,5, ,5,5,6,4,2,3,3,3,5
470,2,42,1, , , ,3,7,2, , , ,6,1,14,1,6,0,0,1,4,4,5,7,4,7,6,7,7,6,5,7,6,7,7,7,7,2,2,6,4,4,5,6,3,3
471,2,29,1, , , ,5,8,1,5,8,1,1,1,17,1,2,2,5,3,4,5,6,5,5,7,5,4,5,6,5,2,3,4,7,7,6,2,3,7,4,4,5,1,3,2
472,1,28,1, , , ,4,8,2, , , ,0,1,25,2,3,1,0,5,4,1,3,5,3,2,5,2,6,6,5,5,4,3,5,4,4,3,2,3,4,3,7,3,4,5
473,2,25,1, , , ,2,6,1,5,9,1,4,1,17,1,8,1,1,4,4,4,4,4,4,3,5,6,5,6,5,2,2,1,6,6,6,4,4,4,4,4,4,4,4,4
474,1,26,2, , , ,4,2,1,4,10,10,3,1,21,2,1,1,1,4,4,2,4,2,4,6,7,4,5,6,5,5,4,7,2,5,4,7,5,6,3,4,6,4,6,4
475,1,25,5, , , ,5,4,1,4,11,1,3,2, ,2,0,0,0,3,4,6,3,7,6,4,7,3,4,6,6,3,4,3,7,7,4,2,2,7,4,7,6,1,1,5
476,2,27,6, , , ,4,4,1,5,7,3,7,1,17,1,10,1,2,3,4,3,4,3,3,3,6,5,6,6,6,2,2,2,6,6,6,2,3,3,3,3,2,2,2,3
477,1,46,1, , , ,5,3,1,5,8,2,7,1,20,2,10,1,4,4,4,4,4,4,4,6,6,6,6,6,6,5,4,4,4,4,4,4,2,2,2,4,4,4,4,4
478,1,32,6, , , ,4,1,2, , , ,0,2, ,2,0,0,0,4,4,4,6,4,4,4,6,6,6,6,6,2,1,3,7,7,7,4,1,4,4,4,4,1,5,5
479,2,66,1, , , ,4,3,2, , , ,20,1,15,1,100,0,0,2,4,6,6,6,6,6,6,6,6,6,6,4,4,6,6,6,6,4,4,6,4,6,6,2,2,2
480,1,33,6, , , ,4,7,1,5,10,1,3,1,17,2,3,1,4,5,4,4,2,4,2,2,5,6,6,6,6,3,5,5,6,2,2,3,2,5,3,4,4,6,2,2
481,1,45,1, , , ,4,2,1,5,7,3,10,1,18,2,15,1,0,2,4,4,4,5,4,6,4,4,6,6,6,6,4,4,5,6,5,3,2,4,3,4,5,4,5,4
482,1,34,1,6, , ,1,7,1,5,10,1,5,1,16,2,20,0,0,3,4,4,6,6,4,3,7,6,6,6,7,7,7,7,7,6,7,1,1,2,4,6,6,4,7,1
483,2,41,1, , , ,3,9,1,5,1,10,10,1,14,1,6,1,0,1,4,3,3,5,3,6,6,7,7,6,7,7,6,7,7,7,7,2,3,6,4,5,6,3,1,2
484,1,51,1, , , ,5,8,1,5,10,1,7,1,16,2,7,1,0,3,4,4,6,7,4,7,7,7,7,7,1,1,1,7,7,7,7,2,3,6,2,7,3,1,7,1
485,2,51,1,8, , ,3,2,1,5,10,1,10,1,14,1,20,1,4,2,4,7,7,7,7,7,7,7,7,7,1,2,2,2,7,7,7,2,2,7,4,6,3,1,1,1
486,2,23,1, , , ,4,9,2, , , ,2,1,21,1,1,0,0,3,4,4,4,4,4,4,7,7,4,7,1,4,4,4,4,7,4,4,4,4,4,4,4,4,4,4
487,1,28,2, , , ,4,1,1,5,10,11,2,1,21,2,3,1,35,3,4,3,7,6,5,7,7,6,6,7,2,1,1,2,1,4,2,4,5,4,3,3,4,1,1,4
488,1,19,1, , , ,3,7,1,5,11,1,2,1,19,2,1,1,0,2,4,4,6,7,6,6,6,7,6,7,2,7,7,7,6,6,3,2,2,6,4,7,6,1,2,1
489,1,28,1, , , ,5,4,1,5,11,1,2,1,25,2,1,1,1,4,4,4,3,5,5,4,4,4,5,7,2,6,6,4,3,6,4,4,2,4,3,6,5,3,4,5
490,1,61,1, , , ,4,6,1,5,9,1,1,1,23,2,1,1,0,2,4,6,7,7,7,7,7,7,6,7,5,1,2,2,7,6,6,3,3,7,4,7,6,2,2,2
491,1,34,1, , , ,2,1,2, , , ,2,1,18,2,2,0,0,3,4,4,4,6,5,7,7,4,6,7,6,1,2,2,4,5,4,3,4,7,4,7,7,1,2,1
492,2,39,6, , , ,4,3,1,5,2,1,2,1,20,1,4,0,0,4,4,3,5,6,4,6,6,7,7,7,6,4,1,2,7,7,7,4,5,7,4,7,4,1,1,1
493,2,41,1, , , ,3,6,1,5,9,1,3,1,19,1,2,1,5,2,4,4,5,7,4,7,5,6,6,7,7,1,1,1,5,7,6,3,3,6,3,3,4,4,3,4
494,1,32,6, , , ,4,3,1,4,9,6,2,1,21,2,5,0,0,3,4,4, ,1,1,1,1,1,1,7,7,1,4,7,7,7,7,1,1,7,4,4,7,1,1,1
495,1,40,1, , , ,4,4,1,5,10,1,3,1,16,2,7,1,10,4,5,3,5,6,5,7,2,1,3,1,2,5,4,5,6,6,6,3,3,6,2,6,6,6,5,3
496,2,34,3, , , ,5,6,1,5,11,1,3,1,24,1,1,1,9,4,5,5,7,7,7,7,2,2,2,2,2,1,1,1,7,7,7,7,6,7,4,5,3,1,1,1
497,1,30,3, , , ,5,6,1,5,11,1,1,2, ,2,1,1,12,4,5,3,5,5,5,6,2,1,1,2,3,2,2,1,2,5,2,3,5,3,3,3,5,1,2,3
498,2,51,1, , , ,3,3,1,5,9,1,2,1,16,1,2,1,0,4,5,4,3,1,3,3,4,3,4,2,3,4,6,4,2,1,1,4,2,2,3,1,6,7,7,4
499,1,29,1, , , , ,7,1,5,8,4,5,1,17,2,9,1,3,4,5,6,5,3,2,2,4,3,3,2,4,3,3,5,6,4,3,3,4,3,3,2,4,2,5,6
500,1,30,2, , , ,4,2,1,5,11,1,1,1,20,2,1,1,30,5,5,2,4,6,6,3,3,2,2,2,7,1,2,1,2,3,1,1,2,3,1,2,2,1,7,6
501,2,32,1, , , ,4,8,2, , , ,2,1,21,1,2,0,0,5,5,5,5,3,5,5,5,5,6,3,2,4,2,5,6,7,6,3,2,6,6,6,6,2,5,6
502,2,65,1, , , ,4,5,1,5,8,1,3,1,17,1,1,1,1,4,5,5,5,5,5,5,1,1,2,3,2,4,4,4,4, ,7,2,3,5,5,5,5,3,3,3
503,1,47,7, , , ,2,2,1,5,11,1,6,1,19,2,5,1,10,2,5,3,4,4,4,6,6,5,2,3,2,4,6,6,2,4,3,5,4,3,4,5,4,6,3,6
504,1,25,2, , , ,4,4,1,4,10,1,3,1,20,2,3,1,15,4,5,2,5,3,2,1,3,2,3,3,3,2,1,2,2,4,2,1,3,2,3,4,2,2,4,3
505,1,29,3, , , ,5,1,1,4,7,6,2,2, ,2,3,1,2,4,5,4,3,4,5,5,4,3,4,3,4,5,5,4,3,4,3,5,3,4,5,5,4,5,4,3
506,1,30,3, , , ,5,1,1,4,6,5,2,1,18,2,3,1,1,4,5,4,3,4,5,5,4,4,3,3,4,5,5,4,4,3,4,5,5,4,3,4,5,3,4,5
507,1,27,2, , , ,4,2,2, , , ,5,1,14,2,3,2,2,3,5,5,4,3,4,5,5,6,4,3,4,4,5,6,6,3,3,4,4,4,3,3,2,3,2,3
508,1,27,3, , , ,5,1,1,5,11,11,0,2, ,2,1,1,0,5,5,5,5,6,5,6,5,4,5,3,5,4,5,5,5,5,4,4,2,3,4,5,6,3,5,4
509,2,56,1, , , ,2,6,1,5,9,1,10,1,17,1,10,1,2,4,5,4,3,4,3,2,3,5,4,3,6,4,5,5,2,2,2,5,5,5,5,5,3,3,4,5
510,2,36,6, , , ,4,7,1,5,9,1,3,1,14,1,2,1,20,4,5,6,5,3,5,1,1,1,1,3,7,7,7,6,1,1,1,5,4,4,5,1,6,7,7,7
511,1,33,1, , , ,5,4,2, , , ,7,1,26,2,5,1,0,3,5,3,6,7,5,6,6,5,5,4,2,2,1,2,7,6,6,2,3,5,2,6,6,4,5,2
512,1,26,2, , , ,4,1,3, , , ,3,2, ,2,0,0,0,5,5,6,6,5,6,6,5,6,4,4,2,6,5,7,6,6,5,6,6,5,6,4,5,3,2,3
513,1,23,2, , , ,4,6,1,2,9,8,3,1,17,2,2,1,14,3,5,4,5,3,4,6,5,4,5,4,3,4,5,6,4,4,4,5,4,6,4,4,3,3,3,4
514,2,33,1, , , ,4,6,1,5,10,1,3,1,18,1,6,1,15,3,5,4,5,6,2,4,4,3,5,4,3,1,1,1,6,6,4,2,3,2,2,4,5,3,2,4
515,1,34,3, , , ,5,1,1,5,10,8,10,1,29,2,1,1,6,5,5,4,3,4,4,3,5,4,3,4,3,5,4,6,5,4,3,5,5,4,3,5,4,3,3,4
516,1,31,8, , , ,4,6,1,5,9,1,3,1,18,2,5,1,3,2,5, ,5,4,2,4,5,3,4,4,3,4,4,6,3,4,5,2,5,4,2,5,4,3,4,3
517,2,44,6, , , ,5,6,1,5,9,1,3,2, ,1,3,3,0,4,5,5,5,4,5,1,3,3,3,4,4,7,7,6,5,1,2,4,4,5,5,5,4,6,6,6
518,1,33,1, , , ,4,7,1,5,8,1,5,1,20,2,16,1,2,2,5,4,6,4,3,4,5,4,5,4,5,4,6,4,3,5,3,5,4,5,3,4,5,4,4,4
519,2,33,1, , , ,2,4,1,5,7,2,1,1,25,1,1,1,5,3,5,1,1,1,1,4,1,3,5,4,5,3,3,3,5,5,5,3,1,1,1,1,1,3,3,3
520,2,28,1, , , ,4,6,1,5,11,1,3,1,20,1,1,1,1,5,5,4,5,6,5,5,4,5,6,4,5,5,5,6,5,4,5,6,4,3,5,4,5,4,3,4
521,2,24,1, , , ,3,2,1,5,9,8,2,1,14,1,3,1,20,4,5,4,5,4,5,5,4,4,5,4,5,5,5,5,4,3,4,4,4,3,3,3,4,5,4,5
522,1,35,1, , , ,4,8,1,5,11,1,4,1,18,2,2,1,15,4,5,7,4,4,5,2,5,4,6,4,6,7,6,5,7,5,4,4,5,5,2,5,6,3,4,6
523,1,37,2, , , ,3,1,1,5,7,1,3,1,21,2,3,1,10,4,5,7,7,6,3,6,4,6,5,5,1,7, ,7,7,5,7,7,3,5,4,5, ,2,2,4
524,2,28,1, , , ,4,6,1,4,10,1,3,1,18,1,2,1,10,5,5,6,4,7,7,4,5,4,6,5,1,5,6,2,6,4,6,3,5,3,6,5,3,2,5,2
525,1,29,1, , , ,4,1,1,4,11,1,5,1,15,2,5,1,30,2,5,6,5,3,5,4,6,5,6,5,2, ,5,5,5,6,5,5,6,4,2,4,5,3,2,3
526,1,30,3, , , ,4,1,1,5,7,2,1,2, ,2,0,0,0,4,5,4,5,5,6,7,3,5,5,5,2,5,6,6,7,5,6,6,5,5,5,6,6,3,3,2
527,2,23,1, , , ,4,7,1,3,10,8,1,1,2,1,1,1,1,4,5,4,6,4,3,3,2,5,4,5,3,5,4,3,3,3,6,5,6,5,4,3,6,3,4,5
528,1,28,1, , , ,4,7,2, , , ,3,1,16,2,3,2,4,4,5,5,5,5,5,5,5,4,5,5,3,1,1,4,4,4,4,4,5,5,4,5,5,6,4,5
529,1,34,2, , , ,4,3,1,5,10,1,1,1,27,2,1,1,5,4,5,4,5,6,4,5,6,4,4,5,4,3,5,6,4,2,6,4,5,2,5,4,5,3,2,3
530,2,34,3, , , ,5,6,1,5,11,1,4,1,23,1,1,1,4,4,5,6,6,7,7,7,3,4,4,5,4,2,1,1,7,5,7,7,6,7,7,7,2,2,1,1
531,2,61,1, , , ,4,6,1,5,11,1,1,1,20,1,1,1,1,5,5,4,5,6,5,5,4,5,6,5,4,6,5,4,5,5,6,4,4,3,5,4,5,2,3,3
532,1,27,1, , , ,4,6,1,5,9,1,3,1,19,2,2,1,3,4,5,5,5,6,4,6,5,6,6,5,5,3,3,4,7,7,7,5,5,6,4,6,4,2,1,1
533,2,40,1, , , ,4,6,1,5,10,1,3,1,17,1,2,1,6,3,5,5,5,4,5,5,5,5,5,5,5,6,6,5,2,2,2,6,5,5,5,3,5,5,6,6
534,2,29,1, , , ,4,2,1,4,10,1,6,1,17,1,10,1,5,3,5,5,5,6,5,6,6,6,6,5,5,7,3,7,5,5,5,3,3,6,3,5,3,3,2,3
535,2,30,3, , , ,5,6,1,4,6,5,3,1,19,1,3,1,8,3,5,6,5,4,5,6,5,6,6,5,5,6,6,6,4,5,6,5,5,4,4,5,5,3,2,6
536,2,23,2, , , ,4,2,1,5,2,3,4,1,22,1,1,1,2,2,5,5,5,5,5,5,5,5,5,5,5,3,3,5,5,5,5,3,3,5,3,5,3,3,3,5
537,1,29,7, , , ,4,3,1,3,6,6,2,1,20,2,2,1,12,4,5,5,4,5,4,5,5,5,6,5,5,5,5,5,4,6,6,5,3,5,6,5,6,2,3,4
538,1,39,2, , , ,2,2,2, , , ,8,1,19,2,8,1,0,4,5,5,5,5,5,4,4,4,3,5,6,7,7,7,1,1,1,6,6,4,5,5,6,7,5,7
539,1,28,1, , , ,4,7,1,4,10,1,2,1,16,2,5,1,4,4,5,6,5,5,5,5,6,5,4,5,6,1,4,4,4,4,4,4,5,5,6,5,5,6,3,6
540,2,44,1, , , ,3,1,2, , , ,6,1,17,1,10,0,0,1,5,6,6,6,6,6,6,6,7,6,2,7,4,6,7,7,7,2,3,6,4,6,3,2,2,2
541,2,26,1, , , ,5,6,1,5,11,1,3,1,21,1,4,1,10,5,5,7,6,7,5,5,6,6,7,6,3,5,6,4,4,5,6,5,5,4,4,5,5,4,5,5
542,2,31,3, , , ,5,1,1,5,9,10,1,2, ,1,1,1,0,4,5,6,6,6,6,5,6,6,5,6,3,4,6,4,3,5,5,6,6,5,4,6,6,4,5,3
543,1,30,6, , , ,4,6,1,4,10,2,6,1,16,2,4,2,2,4,5, ,4,6,4,4,3,4,5,6,3,4,4,5,4,5,4,5,5,4,5,5,4,3,4,2
544,1,43,2, , , ,5,8,1,5,9,1,12,1,19,2,10,1,2,4,5,4,6,5,6,4,5,6,6,6,4,6,6,4,2,4,4,5,6,6,5,4,3,2,3,3
545,2,27,1, , , ,4,3,1,5,10,1,1,1,20,1,1,1,4,3,5,6,6,6,4,3,6,7,6,6,5,2,3,5,7,7,5,3,3,5,4,6,5,2,1,1
546,2,34,1, , , ,4,6,1,5,9,1,3,1,23,1,2,1,2,3,5,5,5,5,5,6,5,5,5,6,5,1,2,2,6,6,6,3,5,3,5,5,5,3,3,3
547,2,30,1, , , ,4,8,1,4,8,2,25,1,15,1,30,1,20,4,5,5,5,5,5,6,4,5,4,6,5,1,5,1,3,2,4,6,1,4,4,4,2,2,2,3
548,2,38,1, , , ,3,3,1,5,9,3,2,1,18,1,2,2,30,3,5,2,2,4,6,3,3,5,5,6,5,5,5,4,2,3,4,5,6,3,4,4,6,6,6,4
549,1,47,1, , , ,5,8,1,5,8,1,3,1,28,2,6,0,0,3,5,7,7,7,7,7,7,6,7,6,6,1,4,3,6,7,5,1,1,7,4,7,7,3,7,7
550,2,38,1, , , ,4,4,2, , , ,0,2, ,1,0,0,0,2,5,5,5,6,6,6,6,6,6,6,6,4,2,3,6,7,7,2,2,4,4,6,6,4,6,4
551,2,28,1, , , ,4,7,1,5,9,1,3,1,16,1,1,1,2,4,5,5,6,3,6,4,2,4,4,6,6,7,7,6,2,2,4,6,6,5,4,4,5,6,6,3
552,1,37,1, , , ,4,6,1,5,10,1,10,1,17,2,6,1,2,4,5,3,3,7,4,7,3,5,5,6,6,1,1,2,6,6,5,2,2,4,2,6,6,5,7,4
553,1,28,1, , , ,5,6,1,5,10,1,6,1,18,2,4,1,1,3,5,6,5,2,6,1,6,6,7,6,7,7,7,7,1,1,3,7,7,2,1,1,4,7,1,7
554,1,21,8, , , ,4,4,2, , , ,5,1,16,2,3,1,2,2,5,2,5,4,2,6,3,5,2,7,4,2,4,6,3,3,6,3,6,5,3,4,4,5,2,3
555,1,54,1, , , ,2,4,2, , , ,12,1,15,2,45,2,0,2,5,3,6,6,5,7,4,4,4,7,5,4,3,3,5,6,6,2,2,5,3,4,5,4,6,4
556,2,37,1, , , ,2,6,1,5,8,1,3,1,15,1,5,1,2,3,5,6,6,5,6,2,7,7,7,7,5,1,2,3,7,7,7,1,1,7,4,7,7,1,7,1
557,2,30,1, , , ,2,6, , , , ,1,1,21,1,1,1,8,4,5,6,6,7,7,7,6,6,6,7,6,7,6,6,6,6,5,2,2,7,7,7,7,1,1,1
558,2,25,1,2, , ,4,7,2, , , ,1,1,24,1,4,1,0,3,5,4,4,3,4,5,7,7,7,7,7,7,7,7,4,7,7,1,1,5,4,5,7,7,7,7
559,2,60,1, , , ,4,3,1,5,8,1,5,1,15,1,6,1,0,1,5,7,7,7,7,7,6,7,7,7,7,1,4,7,7,7,7,2,2,7,7,7,7,5,1,1
560,1,23,1, , , ,2,3,2, , , ,4,1,17,2,4,2,8,3,6,4,1,7,7,4,2,2,1,1,2,4,2,3,1,4,5,5,7,7,2,2,6,4,7,1
561,2,33,1, , , ,4,3,1,5,10,1,10,1,16,1,7,1,2,4,6,6,6,6,6,7,5,3,2,2,2,6,6,7,1,1,4,7,7,5,7,7,7,6,1,2
562,1,27,6, , , ,5,7,1,5,10,11,11,1,16,2,1,1,6,5,6,7,1,3,5,3,1,7,4,2,2,7,6,7,7,1,2,5,4,6,2,7,7,7,7,3
563,2,24,1, , , ,4,7,1,5,11,10,1,1,21,1,1,1,1,5,6,5,6,4,6,5,5,5,4,2,3,4,5,4,6,5,5,6,5,5,4,5,5,3,3,5
564,2,28,6, , , ,4,8,1,5,9,1,2,1,21,1,2,1,12,5,6,6,5,3,5,1,3,3,3,2,3,7,7,6,3,3,3,5,6,5,4,5,6,3,4,3
565,2,24,3, , , ,4,6,1,2,10,8,1,1,23,1,1,1,1,5,6,2,3,4,5,3,4,6,4,2,5,4,5,2,3,4,5,4,2,3,4,5,6,4,5,4
566,2,33,6, , , ,3,7,1,5,11,1,1,1,16,1,1,1,15,4,6,1,4,7,6,7,4,3,3,3,2,1,1,4, ,7,7,5,4,2,7,7,7,1,1,1
567,2,41,1, , , ,4,6,2, , , ,2,1,37,1,3,0,0,3,6,5,6,6,6,6,4,4,5,3,2,2,3,4,6,7,7,3,4,6,4,3,6,5,4,5
568,2,29,1, , , ,4,6,1,5,5,1,6,1,18,1,7,1,2,3,6,5,5,2,5,4,3,4,3,3,3,7,7,4,1,1,1,4,2,1,2,6,2,2,4,3
569,1,34,1, , , ,4,8,1,5,10,1,10,1,18,2,10,1,5,4,6,4,3,3,4,1,4,4,5,3,4,5,5,4,3,4,3,4,5,4,5,4,3,6,4,3
570,1,69,1, , , ,4,2,1,5,11,1,5,1,18,2,3,1,2,4,6,6,6,2,6,2,4,5,5,3,5,2,1,1,6,3,5,4,4,3,3,3,3,2,4,2
571,2,36,2, , , ,5,1,1,5,11,4,1,2, ,1,1,1,1,3,6,6,6,6,6,6,6,6,4,3,6,2,2,2,4,2,4,2,3,2,2,2,2,3,6,3
572,1,47,1, , , ,2,3,2, , , ,2,1,28,2,3,0,0,3,6,6,4,7,7,7,3,3,4,4,2,3,4,4,5,5,4,1,1,6,4,7,7,5,7,6
573,2,50,1, , , ,3,7,1,5,10,1,4,1,21,1,9,1,12,4,6,6,6,1,6,6,2,4,4,4,5,7,7,6,1,1,1,6,6,5,6,2,5,7,7,7
574,1,49,1, , , ,3,5,1,5,8,2,10,1,16,2,20,1,2,3,6,5,5,6,5,5,4,4,4,4,5,3,5,5,3,2,3,5, ,5,5,6,6,6,5,5
575,1,29,1, , , ,4,3,1,5,10,1,6,1,18,2,4,1,8,3,6,6,6,3,6,2,4,4,3,4,6,7,7,6,1,1,1,5,5,4,6,1,7,7,7,7
576,2,46,1, , , ,2,8,1,5,10,1,5,1,16,1,5,1,20,4,6,5,6,2,5,7,2,2,2,4,7,7, ,6,1,1,1,5,6,5,6,2,5,7,5,6
577,2,27,2,3, , ,4,3,1,2,7,8,"2 Different in Safe my life Production,and good experience",1,27,1,1,1,3,4,6,4,6,7,6,4,6,5,7,5,1,3,5,7,3,4,6,4,6,3,5,5,4,4,1,3
578,1,29,3, , , ,5,5,1,5,10,8,5,1,14,2,12,5,4,4,6,5,4,6,5,4,5,6,4,5,2,4,6,5,4,6,5,4,3,2,3,2,2,6,6,6
579,1,25,1, , , ,4,4,1,2,10,9,3,1,20,2,3,2,3,4,6,5,6,5,6,5,6,5,6,5,2,5,6,5,6,6,5,6,5,6,5,6,5,2,3,2
580,1,30,3, , , ,5,1,1,4,7,7,1,1,16,2,2,2,2,5,6,5,6,5,5,5,6,6,6,5,3,5,6,6,5,4,5,4,5,5,7,6,6,2,3,2
581,2,21,6, , , ,4,1,1,5,6,5,4,1,18,1,1,1,2,5,6,5,5,5,5,5,5,5,5,5,3,5,5,5,5,5,5,5,5,5,5,5,5,3,3,3
582,2,29,3, , , ,4,1,1,4,9,1,2,2, ,1,0,0,0,4,6,5,3,5,7,5,4,2,4,5,4,4,3,5,4,6,4,5,7,4,2,1,3,1,4,3
583,1,29,3, , , ,4,4,1,3,9,5,5,1,18,2,4,2,5,5,6,5,4,5,5,6,5,4,5,5,4,5,5,6,5,4,5,6,5,4,6,4,6,3,4,2
584,1,29,3, , , ,5,3,1,5,11,1,1,1,25,2,1,1,2,4,6,6,4,1,4,7,5,5,4,5,5,7,7,7,1,1,1,7,7,5,5,4,7,7,7,7
585,2,36,1, , , ,4,8,1,5,10,1,5,1,16,1,3,1,15,5,6,6,6,7,6,7,5,5,5,5,5,1,3,1,7,7,7,1,1,6,6,7,6,2,5,2
586,1,26,1, , , ,4,6,1,4,9,2,3,1,18,2,5,1,4,4,6,6,6,6,7,4,5,5,5,5,6,7,7,7,3,3,5,7,7,7,7,6,7,5,1,1
587,1,24,6, , , ,4,4,1,3,8,5,2,1,23,2,10,5,1,5,6,4,2,5,3,2,5,3,7,5,6,4,3,5,3,5,2,5,5,2,5,2,4,6,3,2
588,2,28,1, , , ,5,8,1,5,7,1,3,1,17,1,7,1,1,4,6,5,5,5,5,1,4,5,5,5,6,5,5,5,5,5,5,4,5,4,5,2,3,5,6,5
589,1,30,1, , , ,2,2,1,5,9,1,20,1,16,2,20,1,15,3,6,6,5,3,6,1,7,6,7,5,7,4,7,6,1,1,1,4,4,6,7,5,7,7,7,7
590,2,43,1, , , ,3,8,1,5,4,1,4,1,15,1,4,1,8,2,6,6,5,6,6,7,6,5,4,5,7,7,7,5,6,1,1,7,7,5,5,7,7,7,4,5
591,2,52,1, , , ,3,8,1,5,8,1,10,1,14,1,68,1,6,3,6,6,6,6,6,1,4,3,4,5,7,4,2,4,5,6,6,1,1,7,4,7,7,1,7,4
592,1,25,3, , , ,4,3,1,4,6,9,1,2, ,2,1,1,1,4,6,7,7,6,6,7,6,6,7,6,1,6,6,6,6,7,6,6,6,6,6,7,6,4,3,1
593,1,35,1, , , ,4,9,1,2,11,1,8,1,18,2,3,1,8,5,6,4,4,4,4,4,6,6,7,6,2,4,4,5,6,7,7,2,2,4,4,4,4,2,4,3
594,2,31,1, , , ,4,6,1,5,10,1,1,1,16,1,1,1,1,1,6,2,2,6,2,5,6,2,3,6,3,5,2,7,2,4,5,1,6,2,2,5,6,6,4,4
595,2,48,1, , , ,5,2,1,5,8,1,8,1,16,1,20,1,0,2,6,5,6,7,5,6,6,5,6,6,4,3,2,2,6,6,7,3,3,7,4,7,6,1,3,1
596,1,30,1, , , ,5,7,1,3,10,1,10,1,15,2,300,30,15,4,6,5,5,6,6,6,6,2,3,6,4,5,4,5,4,2,5,7,7,5,5,6,4,2,3,2
597,2,55,1, , , ,3,6,2, , , ,5,1,13,1,200 or more,0,0,5,6,5,5,5,5,3,6,6,6,6,5,4,2,6,6,6,6,6,2,6,6,6,5,2,2,2
598,2,30,1, , , ,3,3,1,5,10,1,2,1,18,1,2,1,5,2,6,5,4,5,5,7,7,7,7,6,5,5,4,7,6,3,3,2,3,5,4,6,4,1,1,5
599,1,32,1, , , ,4,5,1,3,8,6,2,1,25,2,2,1,0,3,6,4,4,5,3,4,3,3,5,6,5,3,2,5,3,3,4,3,4,3,3,3,3,4,6,3
600,1,45,1, , , ,4,7,1,5,9,2,20,1,12,2,25,1,12,3,6,6,7,6,6,7,6,6,6,6,6,3,2,2,6,7,7,1,1,7,6,7,7,7,7,7
601,2,25,1, , , ,4,5,1,5,8,1,5,1,14,1,5,1,0,2,6,6,6,5,5,5,6,5,6,6,6,7,4,5,2,1,1,4,5,5,4,3,6,6,6,6
602,1,38,1, , , ,2,3,2, , , ,5,1,16,2,5,1,10,3,6,4,6,7,5,7,5,6,7,6,6,3,4,2,7,7,7,2,1,7,5,7,7,1,7,1
603,2,33,1, , , ,4,4,1,5,8,1,2,1,16,1,1,1,1,2,6,6,6,6,6,4,3,4,5,6,6,2,3,3,6,6,6,2,2,6,4,6,4,4,2,2
604,2,25,1, , , ,4,4,2, , , ,1,1,20,1,1,0,0,3,6,7,7,7,5,6,5,5,6,7,6,1,2,5,7,6,6,2,3,7,5,7,7,5,5,2
605,2,28,1, , , ,2,4,1,5,9,1,3,1,18,1,11,1,1,2,6,6,6,6,6,6,7,7,7,7,6,2,4,5,7,7,7,1,1,7,6,7,6,4,6,6
606,1,36,1, , , ,2,8,1,5,11,6,4,1,21,2,4,1,20,5,7,7,7,7,7,7,1,1,1,1,7,7,7,7,1,1,1,7,7,7,6,7,7,7,7,7
607,2,33,1, , , ,3,8,1,5,10,1,15,1,16,1,15,1,1,5,7,7,7,4,4,2,2,1,1,1,7,7,4,7,1,1,1,7,7,2,7,7,7,7,7,7
608,2,35,6, , , ,4,2,1,5,11,1,0,1,20,1,3,1,30,3,7,7,7,6,7,2,5,3,6,2,2,2,1,1,6,6,6,1,1,1,1,1,1,1,1,1
609,2,53,1, , , ,4,7,1,5,10,1,9,1,15,1,19,1,5,4,7,7,7,7, ,4,5,5,6,2,2,6,1,1,4,6,2,2,1,1,1,4,2,1,7,7
610,2,36,1, , , ,3,4,1,5,7,2,7,1,13,1,6,1,3,3,7,7,6,7,7,7,6,4,4,3,7,7,7,6,3,2,1,6,5,7,7,7,7,7,6,7
611,2,45,1, , , ,5,4,2, , , ,3,1,24,1,17,1,4,3,7,7,7,7,7,3,5,5,5,4,4,7,4,7,7,7,7,1,1,7,7,7,7,1,7,2
612,2,34,1, , , ,4,6,1,5,10,1,5,1,17,1,9,1,3,4,7,5,4,3,5,3,7,7,5,4,4,7,7,5,2,2,2,5,4,7,6,4,7,7,6,6
613,2,38,1, , , ,3,2,1,5,11,1,11,1,15,1,11,1,20,4,7,5,4,4,4,1,7,7,7,4,7,7,7,6,4,4,1,4,4,5,5,5,4,4,7,6
614,1,36,1, , , ,4,7,1,5,11, ,2,1,16,2,4,1,20,5,7,5,5,7,7,7,3,5,6,5,1,5,7,4,7,7,5,5,4,5,6,5,4,4,2,4
615,2,27,1, , , ,4,6,1,4,10,10,1,1,24,1,1,1,1,5,7,5,5,5,5,5,7,5,4,5,3,7,6,6,7,5,6,7,7,4,5,5,5,3,4,3
616,1,34,1, , , ,4,8,1,5,11,1,1,1,21,2,1,1,12,3,7,5,4,7,7,7,5,5,5,5,5,1,1,1,5,5,5,1,1,7,4,7,7,1,4,3
617,1,37,3, , , ,3,1,1,5,7,1,2,1,21,2,2,2,10,4,7,7,7,7,7,7,7,7,5,6,1,7,4,5,6,6,7,6,4,6,6,3,6,2,1,2
618,1,62,6, , , ,3,6,2, , , ,10,1,18,2,10,1,4,3,7,7,6,6,7,2,5,5,6,6,2,7,6,5,6,5,6,6,7,7,6,6, ,7,6,7
619,1,34,2, , , ,5,7,2, , , ,2,1,21,2,2,0,0,3,7,7,7,7,6,6,7,6,7,6,6,4,4,4,6,7,6,2,2,7,6,7,7,6,7,6
620,1,42,1, , , ,4,6,2, , , ,1,1,38,2,1,0,0,4,7,6,6,6,6,7,6,6,7,6,6,2,2,2,7,7,7,2,2,7,6,4,7,2,7,4
621,1,27,1, , , ,2,1,2, , , ,2,1,22,2,1,0,0,3,7,6,7,7,7,4,7,7,7,6,7,5,7,7,7,7,3,1,1,7,7,7,7,7,7,7
622,2,26,2, , , ,5,2,1,5,11,1,6,1,15,1,2,1,4,5,7,7,7,7,7,7,7,7,7,7,1,7,7,7,7,1,1,1,7,7,7,7,7,1,1,1
623,1,29,3, , , ,5,1,1,1,8,8,1,2, ,2,1,1,0,5,7,7,7,6,7,7,7,7,6,7,1,6,7,6,6,6,6,7,7,7,7,7,6,2,2,1
624,2,29,3, , , ,4,1,1,5,11,1,1,1,19,1,1,1,20,4,7,7,7,7,7,7,7,7,7,7,2,6,7,7,6,6,6,6,6,6,7,6,6,2,1,2
625,1,27,3, , , ,4,1,1,5,11,11,1,1,21,2,1,1,1,5,7,7,7,7,6,6,7,7,7,7,2,6,7,7,6,7,7,6,7,6,7,7,7,1,1,2
626,2,19,6, , , ,2,4,2, , , ,0,2, ,1,0,0,0,3,7,7,7,7,7,7,7,7,7,7,3,7,7,7,7,7,7,7,7,7,7,7,4,1,1,1
627,2,19,6, , , ,2,4,2, , , ,0,2, ,1,0,0,0,3,7,7,7,7,7,7,7,7,7,7,7,7,7,7,7,7,7,7,7,7,7,7,7,1,1,1
628,2,40,1, , , ,5,6,2, , , ,20,1,15,1,20,1,0,2,7,7,7,7,7,7,7,7,7,7,7,2,1,2,6,7,7,1,1,7,7,7,6,6,7,5
629,2,29,3,8, , ,5,5,2, , , ,1,1,20,1,11,1,0,5,7,7,7,4,4,7,7,7,7,7,7,1,3,3,7,7,7,1,1,7,7,7,7,7,7,1
630,2,71,1, , , ,5,2,2, , , ,5,1,34,1,1,0,0,3,7,7,7,7,7,7,7,7,7,7,7,7,7,7,7,7,7,4,4,7, ,7,7,1,1,1
631,2,35,1, , , ,2,1,1,5,11,1,3,1,13,1,3,1,15,3,7,7,7,7,7,7,7,7,7,7,7,1,4,7,7,7,7,7,7,7,7,7,7,1,1,1
